0348	00301111	0030111	1	1	Oc
0348	00301122	0030112	2	1	cO
0348	00301211	0030121	1	1	{c
0348	00301222	0030122	2	1	c{
0348	00301311	0030131	1	1	Oc
0348	00301411	0030141	1	1	nc
0348	00301422	0030142	2	1	cn
0348	00302111	0030211	1	1	O^c
0348	00302122	0030212	2	1	c^O
0348	00302211	0030221	1	1	{^c
0348	00302311	0030231	1	1	O^c
0348	00303111	0030311	1	1	Oc
0348	00303122	0030312	2	1	cO
0348	00303222	0030322	2	1	cw
0348	00303322	0030332	2	1	n
0348	00303411	0030341	1	1	Oc
0348	00304111	0030411	1	1	wij
0348	00304122	0030412	2	1	wij
0348	00304211	0030421	1	1	Oij
0348	00304222	0030422	2	1	Oij
0348	00304322	0030432	2	1	Oij
0348	00304411	0030441	1	1	{c
0348	00304422	0030442	2	1	c{
0348	00304511	0030451	1	1	O
0348	00304522	0030452	2	1	cO
0348	00304622	0030462	2	1	O
0348	00304711	0030471	1	1	{Cc
0348	00304722	0030472	2	1	cC{
0348	00304811	0030481	1	1	OCc
0348	00304822	0030482	2	1	cCO
0348	00305111	0030511	1	1	wij
0348	00305122	0030512	2	1	wij
0348	00305211	0030521	1	1	Oij
0348	00305222	0030522	2	1	Oij
0348	00305322	0030532	2	1	Oij
0348	00305411	0030541	1	1	w
0348	00305422	0030542	2	1	c{
0348	00305511	0030551	1	1	O
0348	00305522	0030552	2	1	O
0348	00305622	0030562	2	1	O
0348	00305711	0030571	1	1	{Cc
0348	00305722	0030572	2	1	cC{
0348	00305811	0030581	1	1	OC
0348	00305822	0030582	2	1	CO
0348	00306111	0030611	1	1	rhc
0348	00306122	0030612	2	1	chr
0348	00307111	0030711	1	1	rށiÁj
0348	00307122	0030712	2	1	ނriÁj
0348	00307211	0030721	1	1	rށij
0348	00307222	0030722	2	1	ނrij
0348	00307311	0030731	1	1	r
0348	00307322	0030732	2	1	ނr
0348	00307411	0030741	1	1	rރCc
0348	00307422	0030742	2	1	cCނr
0348	00307511	0030751	1	1	rC
0348	00307522	0030752	2	1	Cr
0348	00308111	0030811	1	1	O
0348	00308122	0030812	2	1	O
0348	00309111	0030911	1	1	Oij
0348	00309122	0030912	2	1	Oij
0348	00309211	0030921	1	1	Oi
0348	00309222	0030922	2	1	Oi
0348	00309311	0030931	1	1	OCi
0348	00309322	0030932	2	1	COi
0348	00309411	0030941	1	1	O(
0348	00309422	0030942	2	1	O(
0348	00309511	0030951	1	1	OC(
0348	00309522	0030952	2	1	CO(
0348	00309611	0030961	1	1	O
0348	00309622	0030962	2	1	cO
0348	00309711	0030971	1	1	OCc
0348	00309722	0030972	2	1	cCO
0348	00310133	0031013	3	1	iÁj
0348	00310144	0031014	4	1	iÁj
0348	00310233	0031023	3	1	ij
0348	00310311	0031031	1	1	Oij
0348	00310322	0031032	2	1	Oij
0348	00310433	0031043	3	1	ij
0348	00310444	0031044	4	1	ij
0348	00310533	0031053	3	1	cZc
0348	00310544	0031054	4	1	cZc
0348	00310633	0031063	3	1	cZCc
0348	00310644	0031064	4	1	cCZc
0348	00310711	0031071	1	1	O
0348	00310722	0031072	2	1	cZO
0348	00310811	0031081	1	1	CZc
0348	00310822	0031082	2	1	cZC
0348	00310911	0031091	1	1	Zc
0348	00310922	0031092	2	1	cZ
0348	00311133	0031113	3	1	ij
0348	00311233	0031123	3	1	
0348	00312133	0031213	3	1	On
0348	00313122	0031312	2	1	O
0348	00313211	0031321	1	1	O
0348	00314144	0031414	4	1	s
0348	00314233	0031423	3	1	
0348	00314344	0031434	4	1	szB
0348	00314444	0031444	4	1	sij
0348	00314544	0031454	4	1	szi
0348	00314644	0031464	4	1	xs
0348	00314744	0031474	4	1	xsz
0348	00314833	0031483	3	1	
0348	00314844	0031484	4	1	E
0348	00314933	0031493	3	1	sz
0348	00314944	0031494	4	1	sz
0348	00315122	0031512	2	1	Tij
0348	00315211	0031521	1	1	Tij
0348	00315311	0031531	1	1	T
0348	00315322	0031532	2	1	
0348	00315411	0031541	1	1	C⏬
0348	00315422	0031542	2	1	C
0348	00316122	0031612	2	1	J
0348	00316211	0031621	1	1	J⏬
0348	00317111	0031711	1	1	c
0348	00318144	0031814	4	1	zEB
0348	00318244	0031824	4	1	zEA
0348	00318344	0031834	4	1	zEBI
0348	00318444	0031844	4	1	zEAI
0348	00318544	0031854	4	1	zE@I
0348	00370111	0037011	1	1	rށ
0348	00370122	0037012	2	1	ނr
0348	00370211	0037021	1	1	rށ
0348	00370222	0037022	2	1	ނr
0348	00370311	0037031	1	1	rށ
0348	00370322	0037032	2	1	ނr
0348	00370411	0037041	1	1	Oc
0348	00370522	0037052	2	1	偛
0348	00370611	0037061	1	1	O
0348	00370711	0037071	1	1	Oc
0348	00370822	0037082	2	1	cw
0348	00370911	0037091	1	1	rށ
0348	00370922	0037092	2	1	ނr
0348	00371111	0037111	1	1	Oc
0348	00371122	0037112	2	1	cO
0348	00371211	0037121	1	1	O
0348	00371222	0037122	2	1	O
0348	00371311	0037131	1	1	w
0348	00371322	0037132	2	1	w
0348	00371411	0037141	1	1	Oc
0348	00371511	0037151	1	1	wc
0348	00371611	0037161	1	1	Oа
0348	00371711	0037171	1	1	Oа
0348	00371811	0037181	1	1	wа
0348	01001111	0100111	1	1	n
0348	01001122	0100112	2	1	n⏬
0348	01001211	0100121	1	1	O
0348	01001222	0100122	2	1	O
0348	01001322	0100132	2	1	O
0348	01002111	0100211	1	1	
0348	01002122	0100212	2	1	⏬
0348	01003122	0100312	2	1	ރT
0348	01003211	0100321	1	1	T
0348	01004111	0100411	1	1	L
0348	01004122	0100412	2	1	nT
0348	01004211	0100421	1	1	Tn
0348	01004322	0100432	2	1	T
0348	01004411	0100441	1	1	T
0348	01004522	0100452	2	1	OT
0348	01004622	0100462	2	1	OT
0348	01004711	0100471	1	1	Tn
0348	01005111	0100511	1	1	n
0348	01005122	0100512	2	1	n
0348	01006122	0100612	2	1	nr
0348	01006211	0100621	1	1	rn
0348	01007111	0100711	1	1	Jc
0348	01007122	0100712	2	1	cJ⏬
0348	01008111	0100811	1	1	n
0348	01008122	0100812	2	1	n⏬
0348	01008211	0100821	1	1	
0348	01009111	0100911	1	1	On
0348	01009122	0100912	2	1	nO
0348	01010122	0101012	2	1	c⏬
0348	01010211	0101021	1	1	Lc
0348	01011111	0101111	1	1	Vc
0348	01011122	0101112	2	1	cV
0348	01011211	0101121	1	1	VL
0348	01012111	0101211	1	1	O
0348	01013111	0101311	1	1	T`n
0348	01013122	0101312	2	1	n`T
0348	01014111	0101411	1	1	{n
0348	01070111	0107011	1	1	⁛
0348	01070122	0107012	2	1	⁛
0348	01070211	0107021	1	1	T
0348	01070222	0107022	2	1	T
0348	01070311	0107031	1	1	T
0348	01070322	0107032	2	1	T
0348	01070411	0107041	1	1	T
0348	01070511	0107051	1	1	
0348	01070522	0107052	2	1	⁛
0348	01070611	0107061	1	1	
0348	01070622	0107062	2	1	⁢
0348	01070722	0107072	2	1	O⁜
0348	01070811	0107081	1	1	
0348	01070822	0107082	2	1	⁡
0348	01070911	0107091	1	1	O偛
0348	01070922	0107092	2	1	O
0348	01071122	0107112	2	1	O
0348	01071211	0107121	1	1	
0348	01071222	0107122	2	1	⁛
0348	01071322	0107132	2	1	⁢
0348	01071411	0107141	1	1	⁢
0348	01071422	0107142	2	1	⁢
0348	01071511	0107151	1	1	O
0348	01071611	0107161	1	1	
0348	01071622	0107162	2	1	
0348	01071722	0107172	2	1	
0348	01071822	0107182	2	1	OT
0348	01071922	0107192	2	1	
0348	01072122	0107212	2	1	⁡
0348	01072211	0107221	1	1	
0348	01072311	0107231	1	1	O
0348	01072411	0107241	1	1	O
0348	01072522	0107252	2	1	
0348	01072622	0107262	2	1	O
0348	01201111	0120111	1	1	xc
0348	01201122	0120112	2	1	cx
0348	01202111	0120211	1	1	x
0348	01202122	0120212	2	1	x
0348	01203111	0120311	1	1	xJc
0348	01203122	0120312	2	1	cJx
0348	01204122	0120412	2	1	T
0348	01204211	0120421	1	1	T
0348	01205111	0120511	1	1	xc
0348	01205122	0120512	2	1	x
0348	01206111	0120611	1	1	O
0348	01206122	0120612	2	1	Ox
0348	01207122	0120712	2	1	
0348	01208111	0120811	1	1	xJ
0348	01208122	0120812	2	1	Jx
0348	01208211	0120821	1	1	J
0348	01208311	0120831	1	1	Jc
0348	01209122	0120912	2	1	c
0348	01210111	0121011	1	1	xn
0348	01210122	0121012	2	1	nx
0348	01211111	0121111	1	1	
0348	01211122	0121112	2	1	x
0348	01212111	0121211	1	1	xn
0348	01213111	0121311	1	1	xTn
0348	01213122	0121312	2	1	Tx
0348	01270111	0127011	1	1	쁛
0348	01270122	0127012	2	1	쁛
0348	01270222	0127022	2	1	쁛
0348	01270311	0127031	1	1	얦
0348	01270411	0127041	1	1	얦c
0348	01270511	0127051	1	1	J
0348	01270611	0127061	1	1	T
0348	01270622	0127062	2	1	T쁛
0348	01270711	0127071	1	1	T
0348	01270722	0127072	2	1	T쁣
0348	01270811	0127081	1	1	T
0348	01270822	0127082	2	1	T쁡
0348	01270911	0127091	1	1	
0348	01270922	0127092	2	1	쁛
0348	01271111	0127111	1	1	
0348	01271122	0127112	2	1	쁜
0348	01271211	0127121	1	1	
0348	01271222	0127122	2	1	쁣
0348	01271311	0127131	1	1	
0348	01271322	0127132	2	1	쁡
0348	01271411	0127141	1	1	
0348	01271511	0127151	1	1	
0348	01271622	0127162	2	1	쁛
0348	01271711	0127171	1	1	얦
0348	01271811	0127181	1	1	
0348	01271822	0127182	2	1	쁛
0348	01271911	0127191	1	1	
0348	01272111	0127211	1	1	
0348	01272122	0127212	2	1	쁢
0348	01272211	0127221	1	1	
0348	01272322	0127232	2	1	T
0348	01272422	0127242	2	1	T
0348	01272511	0127251	1	1	
0348	01272611	0127261	1	1	쁣
0348	01272722	0127272	2	1	T
0348	01272822	0127282	2	1	
0348	01299122	0129912	2	1	Jxа
0348	01401111	0140111	1	1	@c
0348	01401122	0140112	2	1	c@
0348	01402122	0140212	2	1	T@
0348	01403122	0140312	2	1	L
0348	01404111	0140411	1	1	⏬
0348	01405111	0140511	1	1	O
0348	01405122	0140512	2	1	O
0348	01406111	0140611	1	1	c
0348	01407122	0140712	2	1	퍻
0348	01408111	0140811	1	1	
0348	01408211	0140821	1	1	
0348	01408222	0140822	2	1	O
0348	01408311	0140831	1	1	iށj
0348	01408411	0140841	1	1	C
0348	01409111	0140911	1	1	@
0348	01410111	0141011	1	1	O
0348	01411122	0141112	2	1	c()
0348	01601111	0160111	1	1	K
0348	01601122	0160112	2	1	K
0348	01602111	0160211	1	1	KO
0348	01602122	0160212	2	1	OK
0348	01602211	0160221	1	1	Kc
0348	01602311	0160231	1	1	KO
0348	01602322	0160232	2	1	OK
0348	01603111	0160311	1	1	
0348	01603122	0160312	2	1	
0348	02401111	0240111	1	1	O▦
0348	02401122	0240112	2	1	O
0348	02401222	0240122	2	1	O
0348	02402111	0240211	1	1	n▦
0348	02402122	0240212	2	1	n
0348	02402211	0240221	1	1	▦
0348	02402222	0240222	2	1	
0348	02403111	0240311	1	1	c
0348	02403122	0240312	2	1	c
0348	02404111	0240411	1	1	c
0348	02404122	0240412	2	1	c
0348	02405111	0240511	1	1	Ok
0348	02406111	0240611	1	1	Ok
0348	02407111	0240711	1	1	Ok
0348	02407211	0240721	1	1	Ok
0348	02408111	0240811	1	1	k
0348	02470111	0247011	1	1	O
0348	02470122	0247012	2	1	O
0348	02470222	0247022	2	1	O
0348	02470311	0247031	1	1	喦
0348	02470322	0247032	2	1	偛
0348	02470411	0247041	1	1	Ok쁛
0348	02470511	0247051	1	1	Okw
0348	02470611	0247061	1	1	
0348	02470622	0247062	2	1	
0348	02470711	0247071	1	1	
0348	02470811	0247081	1	1	쁢
0348	02470822	0247082	2	1	얦
0348	02470922	0247092	2	1	얦
0348	02471122	0247112	2	1	O
0348	02471211	0247121	1	1	O
0348	02471222	0247122	2	1	O
0348	02471311	0247131	1	1	쁛
0348	02471322	0247132	2	1	얦
0348	02471411	0247141	1	1	
0348	02471422	0247142	2	1	
0348	02471511	0247151	1	1	쁜
0348	02471522	0247152	2	1	얦
0348	02471611	0247161	1	1	
0348	02471622	0247162	2	1	
0348	02471711	0247171	1	1	Okw
0348	02471811	0247181	1	1	喦
0348	02471922	0247192	2	1	O
0348	02472111	0247211	1	1	O
0348	02472122	0247212	2	1	O
0348	02472211	0247221	1	1	喦
0348	02472222	0247222	2	1	偡
0348	02472311	0247231	1	1	
0348	02502111	0250211	1	1	Oij
0348	02502122	0250212	2	1	Oij
0348	02502222	0250222	2	1	J
0348	02503211	0250321	1	1	O
0348	02503222	0250322	2	1	O╽
0348	02503311	0250331	1	1	O
0348	02503322	0250332	2	1	O╽
0348	02701111	0270111	1	1	c
0348	02701122	0270112	2	1	c
0348	02702111	0270211	1	1	O
0348	02702122	0270212	2	1	O
0348	02703122	0270312	2	1	cw()
0348	02703211	0270321	1	1	wc
0348	02703322	0270332	2	1	cw
0348	02704111	0270411	1	1	wO
0348	02704122	0270412	2	1	Ow
0348	02704222	0270422	2	1	{cw
0348	02705111	0270511	1	1	wc
0348	02705122	0270512	2	1	cw
0348	02706111	0270611	1	1	wcO
0348	02706122	0270612	2	1	Ow
0348	02706211	0270621	1	1	wc{
0348	02706222	0270622	2	1	{cw
0348	02770111	0277011	1	1	wwа
0348	03201111	0320111	1	1	c
0348	03201122	0320112	2	1	c
0348	03201211	0320121	1	1	c
0348	03201222	0320122	2	1	c
0348	03202111	0320211	1	1	Oij
0348	03202122	0320212	2	1	Oij
0348	03202211	0320221	1	1	wij
0348	03202222	0320222	2	1	wij
0348	03202311	0320231	1	1	O
0348	03202322	0320232	2	1	O
0348	03202411	0320241	1	1	{
0348	03202422	0320242	2	1	{
0348	03202511	0320251	1	1	OC
0348	03202522	0320252	2	1	CO
0348	03202611	0320261	1	1	{C
0348	03202622	0320262	2	1	C{
0348	03203122	0320312	2	1	XOij
0348	03203222	0320322	2	1	XO
0348	03270122	0327012	2	1	c
0348	03270211	0327021	1	1	c
0348	03270311	0327031	1	1	c
0348	03270322	0327032	2	1	c
0348	03270411	0327041	1	1	wа
0348	03401111	0340111	1	1	{c
0348	03401122	0340112	2	1	c{
0348	03402111	0340211	1	1	n
0348	03402122	0340212	2	1	cn
0348	03403111	0340311	1	1	Oc
0348	03403122	0340312	2	1	cO
0348	03403211	0340321	1	1	O
0348	03404111	0340411	1	1	J
0348	03404122	0340412	2	1	J⏬
0348	03405111	0340511	1	1	xJ
0348	03405122	0340512	2	1	Jx
0348	03406111	0340611	1	1	xJ
0348	03406122	0340612	2	1	刮Jx
0348	03407122	0340712	2	1	吁nij
0348	03407222	0340722	2	1	吁n
0348	03408111	0340811	1	1	Oij
0348	03408211	0340821	1	1	O
0348	03408311	0340831	1	1	w
0348	03409111	0340911	1	1	c
0348	03409122	0340912	2	1	c
0348	03410111	0341011	1	1	c
0348	03410122	0341012	2	1	c
0348	03410222	0341022	2	1	cij
0348	03411122	0341112	2	1	c
0348	03412111	0341211	1	1	古
0348	03470111	0347011	1	1	c
0348	03470122	0347012	2	1	c偛
0348	03470211	0347021	1	1	c
0348	03470222	0347022	2	1	c偢
0348	03470311	0347031	1	1	c
0348	03470322	0347032	2	1	c偣
0348	03470422	0347042	2	1	O
0348	03470511	0347051	1	1	O偣
0348	03470611	0347061	1	1	w偛
0348	03470711	0347071	1	1	c
0348	03470722	0347072	2	1	c偛
0348	03470822	0347082	2	1	J쁛
0348	03470911	0347091	1	1	J偛
0348	03471111	0347111	1	1	c
0348	03471122	0347112	2	1	c偡
0348	03471211	0347121	1	1	J偛
0348	03471311	0347131	1	1	c
0348	03471411	0347141	1	1	wа
0348	04001111	0400111	1	1	{
0348	04001122	0400112	2	1	{
0348	04001211	0400121	1	1	{
0348	04001222	0400122	2	1	{
0348	04002111	0400211	1	1	Oc
0348	04002122	0400212	2	1	cO
0348	04003111	0400311	1	1	r
0348	04003122	0400312	2	1	r
0348	04003211	0400321	1	1	r
0348	04003222	0400322	2	1	r
0348	04004111	0400411	1	1	M
0348	04004122	0400412	2	1	M
0348	04004211	0400421	1	1	Mc
0348	04004222	0400422	2	1	cM
0348	04005111	0400511	1	1	cc
0348	04005122	0400512	2	1	cc
0348	04006111	0400611	1	1	c␥
0348	04007122	0400712	2	1	cr
0348	04007211	0400721	1	1	wc
0348	04007222	0400722	2	1	cw
0348	04008122	0400812	2	1	cT
0348	04009111	0400911	1	1	Oxc
0348	04009122	0400912	2	1	cxO
0348	04011122	0401112	2	1	w
0348	04011222	0401122	2	1	c
0348	04012111	0401211	1	1	c
0348	04012122	0401212	2	1	c
0348	04012222	0401222	2	1	
0348	04013111	0401311	1	1	c
0348	04013122	0401312	2	1	c
0348	04014111	0401411	1	1	O
0348	04014122	0401412	2	1	O
0348	04015111	0401511	1	1	c()
0348	04015122	0401512	2	1	c()
0348	04015211	0401521	1	1	c()
0348	04015222	0401522	2	1	c()
0348	04015311	0401531	1	1	c(p)
0348	04015322	0401532	2	1	c(p)
0348	04015411	0401541	1	1	cC(p)
0348	04015422	0401542	2	1	Cc(p)
0348	04015511	0401551	1	1	c
0348	04015522	0401552	2	1	c
0348	04015611	0401561	1	1	Cc
0348	04015622	0401562	2	1	cC
0348	04016122	0401612	2	1	
0348	04016211	0401621	1	1	ꖯ
0348	04017111	0401711	1	1	얦c
0348	04017122	0401712	2	1	c
0348	04017222	0401722	2	1	
0348	04017322	0401732	2	1	
0348	04070111	0407011	1	1	c
0348	04070122	0407012	2	1	c
0348	04070211	0407021	1	1	wc
0348	04070222	0407022	2	1	cw
0348	04070311	0407031	1	1	cc
0348	04070322	0407032	2	1	cc
0348	04070411	0407041	1	1	{
0348	04070422	0407042	2	1	{
0348	04070511	0407051	1	1	r
0348	04070522	0407052	2	1	r
0348	04070611	0407061	1	1	M
0348	04070622	0407062	2	1	M
0348	04070722	0407072	2	1	c
0348	04070811	0407081	1	1	Oc
0348	04070922	0407092	2	1	c
0348	04071111	0407111	1	1	cc
0348	04071122	0407112	2	1	S
0348	04071222	0407122	2	1	w
0348	04071311	0407131	1	1	c
0348	04072122	0407212	2	1	cMа
0348	04073111	0407311	1	1	{
0348	04073122	0407312	2	1	{
0348	04073211	0407321	1	1	r
0348	04073222	0407322	2	1	r
0348	04073311	0407331	1	1	M
0348	04073322	0407332	2	1	M
0348	04074122	0407412	2	1	cTа
0348	05101111	0510111	1	1	ij
0348	05101122	0510112	2	1	ij
0348	05101211	0510121	1	1	
0348	05101222	0510122	2	1	
0348	05102111	0510211	1	1	ij
0348	05102122	0510212	2	1	ij
0348	05102211	0510221	1	1	ij
0348	05102222	0510222	2	1	ij
0348	05102311	0510231	1	1	ij
0348	05102322	0510232	2	1	ij
0348	05102411	0510241	1	1	
0348	05102422	0510242	2	1	
0348	05102511	0510251	1	1	
0348	05102522	0510252	2	1	
0348	05102611	0510261	1	1	ij
0348	05102622	0510262	2	1	ij
0348	05103111	0510311	1	1	O
0348	05103122	0510312	2	1	O
0348	05104122	0510412	2	1	O
0348	05105122	0510512	2	1	ij
0348	05105222	0510522	2	1	
0348	05106111	0510611	1	1	ij
0348	05106122	0510612	2	1	ij
0348	05106222	0510622	2	1	O
0348	05106311	0510631	1	1	
0348	05106322	0510632	2	1	
0348	05201133	0520113	3	1	ipj
0348	05201144	0520114	4	1	wipj
0348	05201233	0520123	3	1	ij
0348	05201244	0520124	4	1	wij
0348	05201344	0520134	4	1	w
0348	05201433	0520143	3	1	
0348	05201544	0520154	4	1	w
0348	05202144	0520214	4	1	Owipj
0348	05202244	0520224	4	1	Owij
0348	05202344	0520234	4	1	Ow
0348	05401111	0540111	1	1	ipj
0348	05401122	0540112	2	1	ipj
0348	05401211	0540121	1	1	ipj
0348	05401222	0540122	2	1	ipj
0348	05401311	0540131	1	1	ij
0348	05401322	0540132	2	1	ij
0348	05401411	0540141	1	1	O
0348	05401511	0540151	1	1	ij
0348	05401522	0540152	2	1	ij
0348	05401611	0540161	1	1	
0348	05401622	0540162	2	1	
0348	05401711	0540171	1	1	
0348	05401722	0540172	2	1	
0348	05402111	0540211	1	1	ipj
0348	05402122	0540212	2	1	ipj
0348	05402211	0540221	1	1	ipj
0348	05402322	0540232	2	1	Oipj
0348	05402411	0540241	1	1	ij
0348	05402422	0540242	2	1	ij
0348	05402511	0540251	1	1	ij
0348	05402622	0540262	2	1	O
0348	05402711	0540271	1	1	
0348	05402722	0540272	2	1	
0348	05402811	0540281	1	1	
0348	05501111	0550111	1	1	w()
0348	05501122	0550112	2	1	͉w()
0348	05502111	0550211	1	1	wO()
0348	05502122	0550212	2	1	O͉w()
0348	05502211	0550221	1	1	wO()
0348	05503111	0550311	1	1	()
0348	05503122	0550312	2	1	()
0348	05504133	0550413	3	1	O
0348	05504144	0550414	4	1	w͎O
0348	05505133	0550513	3	1	O͎O
0348	05505144	0550514	4	1	Ow͎O
0348	05570144	0557014	4	1	w͎O
0348	05570211	0557021	1	1	w
0348	05570311	0557031	1	1	wO
0348	05570411	0557041	1	1	w
0348	05570422	0557042	2	1	͉w
0348	05601111	0560111	1	1	Z
0348	05601122	0560112	2	1	Z
0348	05601211	0560121	1	1	ZO
0348	05601311	0560131	1	1	Zu
0348	05601322	0560132	2	1	uZ
0348	05601422	0560142	2	1	OuZ
0348	05602111	0560211	1	1	Z
0348	05602122	0560212	2	1	Z
0348	05602211	0560221	1	1	Zu
0348	05602222	0560222	2	1	uZ
0348	05603133	0560313	3	1	Oq
0348	05603144	0560314	4	1	qO
0348	05603233	0560323	3	1	OqO
0348	05604111	0560411	1	1	u
0348	05605111	0560511	1	1	qc
0348	05605122	0560512	2	1	cq
0348	05606111	0560611	1	1	qc
0348	05606122	0560612	2	1	cq
0348	05607111	0560711	1	1	qO()
0348	05607122	0560712	2	1	Oq()
0348	05607211	0560721	1	1	qO
0348	05607222	0560722	2	1	Oq
0348	05608122	0560812	2	1	
0348	05608211	0560821	1	1	
0348	05609111	0560911	1	1	͉c
0348	05609122	0560912	2	1	c
0348	05610111	0561011	1	1	͎O()
0348	05610122	0561012	2	1	O()
0348	05610211	0561021	1	1	͎O
0348	05610222	0561022	2	1	O
0348	05610311	0561031	1	1	͂n
0348	05610322	0561032	2	1	n
0348	05611111	0561111	1	1	͉c
0348	05611122	0561112	2	1	c
0348	05612111	0561211	1	1	q
0348	05612122	0561212	2	1	q
0348	05613111	0561311	1	1	͐
0348	05613122	0561312	2	1	
0348	05614111	0561411	1	1	c
0348	05614122	0561412	2	1	c
0348	05614222	0561422	2	1	O
0348	05614311	0561431	1	1	Cc
0348	05614322	0561432	2	1	cC
0348	05670111	0567011	1	1	
0348	05801111	0580111	1	1	
0348	05801122	0580112	2	1	c
0348	05801211	0580121	1	1	s
0348	05801222	0580122	2	1	sc
0348	05801311	0580131	1	1	O
0348	05801322	0580132	2	1	O
0348	05801411	0580141	1	1	aO
0348	05801422	0580142	2	1	Oa
0348	05801511	0580151	1	1	ޑ
0348	05801611	0580161	1	1	^
0348	05801622	0580162	2	1	^c
0348	05801711	0580171	1	1	aCc
0348	05801811	0580181	1	1	c
0348	05801911	0580191	1	1	Cc
0348	05802122	0580212	2	1	g
0348	05802211	0580221	1	1	g
0348	05802322	0580232	2	1	kc
0348	05802411	0580241	1	1	gO()
0348	05802422	0580242	2	1	Og()
0348	05802511	0580251	1	1	gO
0348	05802522	0580252	2	1	Og
0348	05802611	0580261	1	1	gc
0348	05803111	0580311	1	1	
0348	05803122	0580312	2	1	c
0348	05803211	0580321	1	1	s
0348	05804122	0580412	2	1	c
0348	05805111	0580511	1	1	
0348	05805122	0580512	2	1	
0348	05806311	0580631	1	1	lc
0348	05806322	0580632	2	1	l
0348	05806411	0580641	1	1	lCc
0348	05806422	0580642	2	1	cCl
0348	05806511	0580651	1	1	w
0348	05806522	0580652	2	1	cw
0348	05806611	0580661	1	1	w
0348	05807111	0580711	1	1	
0348	05807122	0580712	2	1	c
0348	05807211	0580721	1	1	s
0348	05807222	0580722	2	1	sc
0348	05807322	0580732	2	1	ޒc
0348	05807422	0580742	2	1	c
0348	05808122	0580812	2	1	r
0348	05808211	0580821	1	1	r
0348	05808311	0580831	1	1	ނr
0348	05808322	0580832	2	1	rލ
0348	05808411	0580841	1	1	sނr
0348	05808511	0580851	1	1	ar
0348	05808622	0580862	2	1	ra
0348	05809133	0580913	3	1	clO
0348	05809144	0580914	4	1	Oz
0348	05809233	0580923	3	1	cClO
0348	05809244	0580924	4	1	OlCc
0348	05809333	0580933	3	1	claO
0348	05810533	0581053	3	1	wc
0348	05810544	0581054	4	1	c
0348	05810633	0581063	3	1	wc
0348	05810733	0581073	3	1	wc
0348	05810744	0581074	4	1	ޗc
0348	05810911	0581091	1	1	wc
0348	05811133	0581113	3	1	lzr
0348	05811144	0581114	4	1	rz
0348	05811233	0581123	3	1	cClr
0348	05811244	0581124	4	1	rlCc
0348	05811733	0581173	3	1	wcr
0348	05811833	0581183	3	1	wcނr
0348	05811844	0581184	4	1	rލc
0348	05811944	0581194	4	1	rc
0348	05812133	0581213	3	1	wc
0348	05812144	0581214	4	1	c
0348	05812233	0581223	3	1	wc
0348	05812244	0581224	4	1	ލc
0348	05812344	0581234	4	1	c
0348	05812444	0581244	4	1	ލc
0348	05812533	0581253	3	1	wc
0348	05812544	0581254	4	1	c
0348	05812644	0581264	4	1	c
0348	05812744	0581274	4	1	^c
0348	05812844	0581284	4	1	c
0348	05812944	0581294	4	1	cO
0348	05813133	0581313	3	1	wc
0348	05813233	0581323	3	1	wcގO
0348	05814111	0581411	1	1	ގO
0348	05814122	0581412	2	1	Oލ
0348	05815122	0581512	2	1	Ocw
0348	05815211	0581521	1	1	wO
0348	05816122	0581612	2	1	OH()
0348	05816222	0581622	2	1	HO()
0348	05816311	0581631	1	1	HO
0348	05816322	0581632	2	1	OH
0348	05817111	0581711	1	1	ln
0348	05817122	0581712	2	1	nl
0348	05818111	0581811	1	1	lsn()
0348	05818122	0581812	2	1	nsl()
0348	05818211	0581821	1	1	sln
0348	05818222	0581822	2	1	nls
0348	05819133	0581913	3	1	nlO
0348	05819144	0581914	4	1	Oln
0348	05819233	0581923	3	1	nlzގO
0348	05819244	0581924	4	1	Oލz
0348	05819344	0581934	4	1	Oln
0348	05820133	0582013	3	1	nlr
0348	05820144	0582014	4	1	rln
0348	05820233	0582023	3	1	nlr
0348	05820344	0582034	4	1	rލz
0348	05820444	0582044	4	1	raln
0348	05821133	0582113	3	1	nlO
0348	05821144	0582114	4	1	Oln
0348	05822111	0582211	1	1	sO
0348	05822122	0582212	2	1	Os
0348	05823111	0582311	1	1	O
0348	05823211	0582321	1	1	aO
0348	05823311	0582331	1	1	aO
0348	05824111	0582411	1	1	ltn
0348	05870122	0587012	2	1	ގsc
0348	05870222	0587022	2	1	sc
0348	05870311	0587031	1	1	s
0348	05870422	0587042	2	1	c
0348	05870522	0587052	2	1	c
0348	05870611	0587061	1	1	
0348	05870711	0587071	1	1	
0348	05870811	0587081	1	1	
0348	05870911	0587091	1	1	w
0348	05871111	0587111	1	1	w
0348	05871222	0587122	2	1	
0348	05871311	0587131	1	1	
0348	05871422	0587142	2	1	ޒc
0348	05871511	0587151	1	1	O
0348	05871622	0587162	2	1	cw
0348	05871733	0587173	3	1	wc
0348	05871833	0587183	3	1	wcr
0348	05871933	0587193	3	1	wcr
0348	05872133	0587213	3	1	wc
0348	05872222	0587222	2	1	ޒc
0348	05872311	0587231	1	1	w
0348	05872433	0587243	3	1	wcr
0348	05872522	0587252	2	1	
0348	05872644	0587264	4	1	ލc
0348	05872711	0587271	1	1	
0348	05872833	0587283	3	1	wcSа
0348	05872911	0587291	1	1	а
0348	05872922	0587292	2	1	cа
0348	05873111	0587311	1	1	wа
0348	05873211	0587321	1	1	rа
0348	05873311	0587331	1	1	Oа
0348	05873422	0587342	2	1	а
0348	05873522	0587352	2	1	ނrа
0348	05873622	0587362	2	1	ގOа
0348	05873711	0587371	1	1	HO
0348	05873722	0587372	2	1	OH
0348	05873811	0587381	1	1	а
0348	05873911	0587391	1	1	lа
0348	05874144	0587414	4	1	Ozа
0348	05874233	0587423	3	1	nlzO
0348	05875111	0587511	1	1	͎O(
0348	05899122	0589912	2	1	암z
0348	05899222	0589922	2	1	암͉
0348	05899322	0589932	2	1	암͕
0348	06001111	0600111	1	1	c
0348	06001122	0600112	2	1	c
0348	06001211	0600121	1	1	c
0348	06001222	0600122	2	1	c
0348	06001322	0600132	2	1	c
0348	06001411	0600141	1	1	c
0348	06001422	0600142	2	1	c
0348	06001511	0600151	1	1	
0348	06001611	0600161	1	1	Cc
0348	06001622	0600162	2	1	cC
0348	06001711	0600171	1	1	Cc
0348	06002111	0600211	1	1	^c
0348	06002122	0600212	2	1	c^
0348	06002211	0600221	1	1	^c
0348	06002222	0600222	2	1	c^
0348	06003122	0600312	2	1	c
0348	06004111	0600411	1	1	O
0348	06004122	0600412	2	1	O
0348	06004211	0600421	1	1	O
0348	06004222	0600422	2	1	O
0348	06004311	0600431	1	1	O
0348	06004411	0600441	1	1	O
0348	06004511	0600451	1	1	O
0348	06005122	0600512	2	1	r
0348	06005211	0600521	1	1	r
0348	06005322	0600532	2	1	r
0348	06005411	0600541	1	1	r
0348	06006111	0600611	1	1	Kc
0348	06006122	0600612	2	1	cK
0348	06007111	0600711	1	1	K^
0348	06007122	0600712	2	1	^K
0348	06008122	0600812	2	1	cK
0348	06009111	0600911	1	1	KO
0348	06009122	0600912	2	1	OK
0348	06010122	0601012	2	1	rK
0348	06010211	0601021	1	1	Kr
0348	06011111	0601111	1	1	Kij
0348	06011122	0601112	2	1	Kij
0348	06011222	0601122	2	1	iij
0348	06011311	0601131	1	1	K
0348	06011322	0601132	2	1	K
0348	06012111	0601211	1	1	iij
0348	06012211	0601221	1	1	iO
0348	06012311	0601231	1	1	i
0348	06012322	0601232	2	1	ci
0348	06012411	0601241	1	1	i
0348	06012511	0601251	1	1	iCc
0348	06012622	0601262	2	1	cCi
0348	06013111	0601311	1	1	sn
0348	06013122	0601312	2	1	ns
0348	06014111	0601411	1	1	Os
0348	06014122	0601412	2	1	sO
0348	06015122	0601512	2	1	sT
0348	06015211	0601521	1	1	T
0348	06015311	0601531	1	1	Ts
0348	06015411	0601541	1	1	THs
0348	06015422	0601542	2	1	sHT
0348	06015522	0601552	2	1	}O
0348	06015611	0601561	1	1	O}
0348	06015722	0601572	2	1	}r
0348	06015822	0601582	2	1	T
0348	06016122	0601612	2	1	T
0348	06016222	0601622	2	1	sT
0348	06016311	0601631	1	1	T
0348	06016422	0601642	2	1	sHT
0348	06017111	0601711	1	1	n
0348	06017122	0601712	2	1	n
0348	06018111	0601811	1	1	ԉc
0348	06018122	0601812	2	1	cԔ
0348	06019111	0601911	1	1	Ԃr
0348	06019122	0601912	2	1	rԔ
0348	06020111	0602011	1	1	ԎO
0348	06020122	0602012	2	1	O
0348	06021111	0602111	1	1	ԍH
0348	06021122	0602112	2	1	H
0348	06022111	0602211	1	1	T`
0348	06022122	0602212	2	1	sT
0348	06022211	0602221	1	1	THs
0348	06023111	0602311	1	1	T`
0348	06024122	0602412	2	1	sO
0348	06025111	0602511	1	1	
0348	06070111	0607011	1	1	Ts
0348	06070122	0607012	2	1	sT
0348	06070222	0607022	2	1	Os
0348	06070311	0607031	1	1	s
0348	06070411	0607041	1	1	c
0348	06070422	0607042	2	1	c
0348	06070511	0607051	1	1	c
0348	06070611	0607061	1	1	O
0348	06070711	0607071	1	1	Kc
0348	06070811	0607081	1	1	c
0348	06070911	0607091	1	1	偛
0348	06071111	0607111	1	1	а
0348	06072111	0607211	1	1	THsа
0348	06073111	0607311	1	1	n
0348	06101111	0610111	1	1	L
0348	06101122	0610112	2	1	T
0348	06101211	0610121	1	1	T
0348	06102122	0610212	2	1	T
0348	06102211	0610221	1	1	T
0348	06102311	0610231	1	1	ލ
0348	06103111	0610311	1	1	O
0348	06103122	0610312	2	1	O
0348	06104111	0610411	1	1	n
0348	06104122	0610412	2	1	n
0348	06105122	0610512	2	1	`T
0348	07101111	0710111	1	1	Hc
0348	07101122	0710112	2	1	cH
0348	07101211	0710121	1	1	c
0348	07101222	0710122	2	1	c
0348	07101311	0710131	1	1	Hc
0348	07101322	0710132	2	1	cH
0348	07101411	0710141	1	1	ꐁ
0348	07101511	0710151	1	1	H
0348	07102111	0710211	1	1	H^c
0348	07102122	0710212	2	1	c^H
0348	07102211	0710221	1	1	^
0348	07102222	0710222	2	1	^
0348	07103111	0710311	1	1	Hij
0348	07103122	0710312	2	1	Hij
0348	07103211	0710321	1	1	
0348	07103222	0710322	2	1	
0348	07103311	0710331	1	1	Hij
0348	07103322	0710332	2	1	Hij
0348	07104111	0710411	1	1	HO
0348	07104122	0710412	2	1	OH
0348	07104211	0710421	1	1	O
0348	07104222	0710422	2	1	O
0348	07104311	0710431	1	1	O
0348	07104422	0710442	2	1	OH
0348	07104511	0710451	1	1	HO
0348	07104611	0710461	1	1	HO
0348	07105122	0710512	2	1	rH
0348	07105211	0710521	1	1	Hr
0348	07105322	0710532	2	1	r
0348	07105411	0710541	1	1	r
0348	07105511	0710551	1	1	Hr
0348	07106111	0710611	1	1	Hi
0348	07106122	0710612	2	1	Hi
0348	07106211	0710621	1	1	H
0348	07106222	0710622	2	1	H
0348	07106311	0710631	1	1	ꍪ
0348	07107122	0710712	2	1	H
0348	07107222	0710722	2	1	H
0348	07108122	0710812	2	1	H
0348	07111133	0711113	3	1	cHmO
0348	07111144	0711114	4	1	OmHc
0348	07111233	0711123	3	1	cHmr
0348	07111244	0711124	4	1	rmHc
0348	07112133	0711213	3	1	c^HmO
0348	07112144	0711214	4	1	OmH^c
0348	07113133	0711313	3	1	rHmO
0348	07113144	0711314	4	1	OmHr
0348	07114133	0711413	3	1	cZHmO
0348	07114144	0711414	4	1	OmHZc
0348	07114233	0711423	3	1	HzmOа
0348	07115133	0711513	3	1	cHmn
0348	07115144	0711514	4	1	nmHc
0348	07116133	0711613	3	1	OHzmn
0348	07117133	0711713	3	1	Hzmn
0348	07117144	0711714	4	1	nmHZc
0348	07118111	0711811	1	1	Om
0348	07118122	0711812	2	1	mO
0348	07118222	0711822	2	1	m▦
0348	07119133	0711913	3	1	c^HmC
0348	07119533	0711953	3	1	^HzmC_
0348	07170111	0717011	1	1	O
0348	07170122	0717012	2	1	Oꁛ
0348	07170222	0717022	2	1	cH
0348	07170311	0717031	1	1	H
0348	07170411	0717041	1	1	H
0348	07170422	0717042	2	1	Hꁛ
0348	07170511	0717051	1	1	c
0348	07170522	0717052	2	1	cꁜ
0348	07170611	0717061	1	1	Hc
0348	07170711	0717071	1	1	Hc
0348	07501111	0750111	1	1	mn
0348	07501122	0750112	2	1	nm
0348	07502111	0750211	1	1	Omij
0348	07502122	0750212	2	1	mOij
0348	10001111	1000111	1	1	wX
0348	10001122	1000112	2	1	Xw
0348	10002111	1000211	1	1	wX
0348	10002122	1000212	2	1	Xw
0348	10101211	1010121	1	1	`X
0348	10101222	1010122	2	1	X`
0348	10102211	1010221	1	1	`XI
0348	10103222	1010322	2	1	X`X`
0348	15801111	1580111	1	1	
0348	15801122	1580112	2	1	c
0348	15801211	1580121	1	1	s
0348	15801222	1580122	2	1	sc
0348	15801311	1580131	1	1	O
0348	15801411	1580141	1	1	
0348	15801511	1580151	1	1	ޑ
0348	15801611	1580161	1	1	^
0348	15801622	1580162	2	1	^c
0348	15801711	1580171	1	1	
0348	15801722	1580172	2	1	ޒc
0348	15801822	1580182	2	1	
0348	15801911	1580191	1	1	s
0348	15801922	1580192	2	1	ގsc
0348	15802122	1580212	2	1	
0348	15802211	1580221	1	1	
0348	15802322	1580232	2	1	kc
0348	15803111	1580311	1	1	
0348	15803122	1580312	2	1	c
0348	15803211	1580321	1	1	s
0348	15804122	1580412	2	1	c
0348	15805111	1580511	1	1	
0348	15805122	1580512	2	1	
0348	15806411	1580641	1	1	w
0348	15806422	1580642	2	1	cw
0348	15806511	1580651	1	1	w
0348	15806522	1580652	2	1	cw
0348	15806611	1580661	1	1	w
0348	15807111	1580711	1	1	
0348	15807122	1580712	2	1	c
0348	15807211	1580721	1	1	s
0348	15807222	1580722	2	1	sc
0348	15807322	1580732	2	1	ޒc
0348	15807422	1580742	2	1	c
0348	15808122	1580812	2	1	rc
0348	15808211	1580821	1	1	r
0348	15808311	1580831	1	1	ނr
0348	15808322	1580832	2	1	rޒc
0348	15808411	1580841	1	1	sނr
0348	15809244	1580924	4	1	cO
0348	15810533	1581053	3	1	wc
0348	15810544	1581054	4	1	c
0348	15810633	1581063	3	1	wc
0348	15810733	1581073	3	1	wc
0348	15810744	1581074	4	1	ޗc
0348	15810844	1581084	4	1	Oc
0348	15810911	1581091	1	1	wc
0348	15811544	1581154	4	1	rc
0348	15811633	1581163	3	1	wcr
0348	15811733	1581173	3	1	wcr
0348	15811833	1581183	3	1	wcނr
0348	15811844	1581184	4	1	rލc
0348	15811944	1581194	4	1	rc
0348	15812133	1581213	3	1	wc
0348	15812144	1581214	4	1	c
0348	15812233	1581223	3	1	wc
0348	15812244	1581224	4	1	ލc
0348	15812344	1581234	4	1	c
0348	15812444	1581244	4	1	ލc
0348	15812533	1581253	3	1	wc
0348	15812544	1581254	4	1	c
0348	15812644	1581264	4	1	c
0348	15812744	1581274	4	1	^c
0348	15812844	1581284	4	1	c
0348	15812933	1581293	3	1	wcO
0348	15813133	1581313	3	1	wc
0348	15813233	1581323	3	1	wcގO
0348	15814111	1581411	1	1	ގO
0348	15870122	1587012	2	1	ގsc
0348	15870222	1587022	2	1	sc
0348	15870311	1587031	1	1	s
0348	15870422	1587042	2	1	c
0348	15870522	1587052	2	1	c
0348	15870611	1587061	1	1	
0348	15870711	1587071	1	1	
0348	15870811	1587081	1	1	
0348	15870911	1587091	1	1	w
0348	15871111	1587111	1	1	w
0348	15871222	1587122	2	1	
0348	15871311	1587131	1	1	
0348	15871422	1587142	2	1	ޒc
0348	15871511	1587151	1	1	O
0348	15871622	1587162	2	1	cw
0348	15871733	1587173	3	1	wc
0348	15871833	1587183	3	1	wcr
0348	15871933	1587193	3	1	wcr
0348	15872133	1587213	3	1	wc
0348	15872222	1587222	2	1	ޒc
0348	15872311	1587231	1	1	偛
0348	15872433	1587243	3	1	wcr
0348	15872522	1587252	2	1	
0348	15872644	1587264	4	1	ލc
0348	15872711	1587271	1	1	
0348	15872833	1587283	3	1	wcSа
0348	90130122	9013012	2	1	
0348	90130222	9013022	2	1	
0348	90140122	9014012	2	1	
0348	90150122	9015012	2	1	
0348	90160122	9016012	2	1	
0348	90170122	9017012	2	1	ՎP
0348	90180122	9018012	2	1	ՎQ
0348	90190122	9019012	2	1	ՎP
0348	90195122	9019512	2	1	ՎQ
0348	0008061215	00080612	9	2	c-c
0348	0008013817	00080138	9	2	c-k
0348	0008026919	00080269	9	2	c-ٽ
0348	0008020520	00080205	9	2	c-u
0348	0008000922	00080009	9	2	c-c
0348	0008030824	00080308	9	2	c-
0348	0008014728	00080147	9	2	c-HƑ
0348	0008080130	00080801	9	2	c-߱BC
0348	0008054438	00080544	9	2	c-M
0348	0008016740	00080167	9	2	c-c
0348	0008042755	00080427	9	2	c-\O
0348	0008062157	00080621	9	2	c-SX
0348	0008030459	00080304	9	2	c-
0348	0008031261	00080312	9	2	c-X
0348	0008050964	00080509	9	2	c-ˉw
0348	0008042267	00080422	9	2	c-Z
0348	0008053073	00080530	9	2	c-s
0348	0008041475	00080414	9	2	c-
0348	0008021184	00080211	9	2	c-Lw
0348	0008063587	00080635	9	2	c-xw
0348	0008055292	00080552	9	2	c-{w
0348	0008012895	00080128	9	2	c-
0348	0008053596	00080535	9	2	c-
0348	00080504103	00080504	9	2	c-K㕪
0348	00080038104	00080038	9	2	c-吙
0348	00080805105	00080805	9	2	c-JВ
0348	00080107106	00080107	9	2	c-
0348	00080280107	00080280	9	2	c-sa
0348	00080550108	00080550	9	2	c-@tl
0348	00080800109	00080800	9	2	c-sA
0348	00080306110	00080306	9	2	c-
0348	00080275111	00080275	9	2	c-Ζ
0348	00080500112	00080500	9	2	c-p[N
0348	00080513113	00080513	9	2	c-
0348	00080503114	00080503	9	2	c-Kw
0348	00080323115	00080323	9	2	c-ZO
0348	00080036116	00080036	9	2	c-
0348	00080210117	00080210	9	2	c-L
0348	00080114118	00080114	9	2	c-l
0348	00080556119	00080556	9	2	c-ˑ
0348	00080901120	00080901	9	2	c-ˉw
0348	00080900121	00080900	9	2	c-
0348	00080699122	00080699	9	2	c-OH
0348	00080245123	00080245	9	2	c-ް 
0348	00080132124	00080132	9	2	c-͒c
0348	00080127125	00080127	9	2	c-c
0348	00080622126	00080622	9	2	c-OH
0348	00080326127	00080326	9	2	c-s
0348	00080512128	00080512	9	2	c-^E
0348	00080443129	00080443	9	2	c-񉶍
0348	00080234130	00080234	9	2	c-\O
0348	00080399131	00080399	9	2	c-ٍ`O
0348	00080343132	00080343	9	2	c-ٕ@
0348	00080131133	00080131	9	2	c-͌c
0348	0009000823	00090008	9	2	c-c
0348	0009014724	00090147	9	2	c-HƑ
0348	003600081	00360008	9	2	-c
0348	003802111	00380211	9	2	吙-Lw
0348	003801273	00380127	9	2	吙-c
0348	003804436	00380443	9	2	吙-񉶍
0348	0038062110	00380621	9	2	吙-SX
0348	0038051211	00380512	9	2	吙-^E
0348	0038013113	00380131	9	2	吙-͌c
0348	0038080133	00380801	9	2	吙-߱BC
0348	0038032645	00380326	9	2	吙-s
0348	0038024548	00380245	9	2	吙-ް 
0348	0038064750	00380647	9	2	吙-މwO
0348	0038026951	00380269	9	2	吙-ٽ
0348	0038053053	00380530	9	2	吙-s
0348	0038000854	00380008	9	2	吙-c
0348	0038032455	00380324	9	2	吙-t
0348	0038063556	00380635	9	2	吙-xw
0348	0038014757	00380147	9	2	吙-HƑ
0348	0038050958	00380509	9	2	吙-ˉw
0348	0038053659	00380536	9	2	吙-tF
0348	0038090061	00380900	9	2	吙-
0348	0038013262	00380132	9	2	吙-͒c
0348	0038069963	00380699	9	2	吙-OH
0348	0038030864	00380308	9	2	吙-
0348	0038042265	00380422	9	2	吙-Z
0348	0038016766	00380167	9	2	吙-c
0348	0038062267	00380622	9	2	吙-OH
0348	0038050068	00380500	9	2	吙-p[N
0348	0038061269	00380612	9	2	吙-c
0348	0038042770	00380427	9	2	吙-\O
0348	0038055271	00380552	9	2	吙-{w
0348	010700081	01070008	9	2	-c
0348	01140503101	01140503	9	2	l-Kw
0348	01140008102	01140008	9	2	l-c
0348	01140323103	01140323	9	2	l-ZO
0348	012700382	01270038	9	2	c-吙
0348	012700083	01270008	9	2	c-c
0348	012706214	01270621	9	2	c-SX
0348	0128000894	01280008	9	2	-c
0348	0131003846	01310038	9	2	͌c-吙
0348	0131000847	01310008	9	2	͌c-c
0348	013200381	01320038	9	2	͒c-吙
0348	013200082	01320008	9	2	͒c-c
0348	013800081	01380008	9	2	k-c
0348	0147000829	01470008	9	2	HƑ-c
0348	0147003830	01470038	9	2	HƑ-吙
0348	0147000931	01470009	9	2	HƑ-c
0348	0147030432	01470304	9	2	HƑ-
0348	0147055633	01470556	9	2	HƑ-ˑ
0348	0167000839	01670008	9	2	c-c
0348	0167062142	01670621	9	2	c-SX
0348	0167041478	01670414	9	2	c-
0348	0167024079	01670240	9	2	c-ꕶw
0348	0167003880	01670038	9	2	c-吙
0348	0172050498	01720504	9	2	H吳-K㕪
0348	0205000821	02050008	9	2	u-c
0348	0210021190	02100211	9	2	L-Lw
0348	0210063591	02100635	9	2	L-xw
0348	0210000892	02100008	9	2	L-c
0348	0210061293	02100612	9	2	L-c
0348	021106357	02110635	9	2	Lw-xw
0348	0211000885	02110008	9	2	Lw-c
0348	0211051388	02110513	9	2	Lw-
0348	0211021091	02110210	9	2	Lw-L
0348	0211003892	02110038	9	2	Lw-吙
0348	0211061293	02110612	9	2	Lw-c
0348	023400081	02340008	9	2	\O-c
0348	024001671	02400167	9	2	ꕶw-c
0348	0245003847	02450038	9	2	ް -吙
0348	0245000848	02450008	9	2	ް -c
0348	0245062149	02450621	9	2	ް -SX
0348	0255026918	02550269	9	2	Vr-ٽ
0348	0269003852	02690038	9	2	ٽ-吙
0348	0269053069	02690530	9	2	ٽ-s
0348	0269000872	02690008	9	2	ٽ-c
0348	0269025573	02690255	9	2	ٽ-Vr
0348	0269042274	02690422	9	2	ٽ-Z
0348	0269051275	02690512	9	2	ٽ-^E
0348	0269050976	02690509	9	2	ٽ-ˉw
0348	027500081	02750008	9	2	Ζ-c
0348	028000081	02800008	9	2	sa-c
0348	0304000860	03040008	9	2	-c
0348	0304014761	03040147	9	2	-HƑ
0348	030600081	03060008	9	2	-c
0348	0308000825	03080008	9	2	-c
0348	0308050026	03080500	9	2	-p[N
0348	0308003827	03080038	9	2	-吙
0348	0312000862	03120008	9	2	X-c
0348	032300081	03230008	9	2	ZO-c
0348	032301142	03230114	9	2	ZO-l
0348	0324003834	03240038	9	2	t-吙
0348	032600384	03260038	9	2	s-吙
0348	032604435	03260443	9	2	s-񉶍
0348	032605096	03260509	9	2	s-ˉw
0348	032604227	03260422	9	2	s-Z
0348	032600088	03260008	9	2	s-c
0348	034300081	03430008	9	2	ٕ@-c
0348	034309202	03430920	9	2	ٕ@-Y
0348	039909201	03990920	9	2	ٍ`O-Y
0348	039900082	03990008	9	2	ٍ`O-c
0348	0414000876	04140008	9	2	-c
0348	0414016777	04140167	9	2	-c
0348	0422050966	04220509	9	2	Z-ˉw
0348	0422000868	04220008	9	2	Z-c
0348	0422032669	04220326	9	2	Z-s
0348	0422003870	04220038	9	2	Z-吙
0348	0422026971	04220269	9	2	Z-ٽ
0348	0427000856	04270008	9	2	\O-c
0348	0427062157	04270621	9	2	\O-SX
0348	0427080159	04270801	9	2	\O-߱BC
0348	0427055260	04270552	9	2	\O-{w
0348	0427003861	04270038	9	2	\O-吙
0348	044300385	04430038	9	2	񉶍-吙
0348	044305126	04430512	9	2	񉶍-^E
0348	044306217	04430621	9	2	񉶍-SX
0348	044303268	04430326	9	2	񉶍-s
0348	044300089	04430008	9	2	񉶍-c
0348	0500030827	05000308	9	2	p[N-
0348	0500000828	05000008	9	2	p[N-c
0348	0500003829	05000038	9	2	p[N-吙
0348	0500062130	05000621	9	2	p[N-SX
0348	05030114100	05030114	9	2	Kw-l
0348	05030008101	05030008	9	2	Kw-c
0348	0504017299	05040172	9	2	K㕪-H吳
0348	05040008102	05040008	9	2	K㕪-c
0348	0509000863	05090008	9	2	ˉw-c
0348	0509042265	05090422	9	2	ˉw-Z
0348	0509032666	05090326	9	2	ˉw-s
0348	0509003867	05090038	9	2	ˉw-吙
0348	0509026968	05090269	9	2	ˉw-ٽ
0348	0509051269	05090512	9	2	ˉw-^E
0348	0509080171	05090801	9	2	ˉw-߱BC
0348	0512003812	05120038	9	2	^E-吙
0348	0512044313	05120443	9	2	^E-񉶍
0348	0512000814	05120008	9	2	^E-c
0348	0512026915	05120269	9	2	^E-ٽ
0348	0512050916	05120509	9	2	^E-ˉw
0348	0513021189	05130211	9	2	-Lw
0348	0513000890	05130008	9	2	-c
0348	0530003854	05300038	9	2	s-吙
0348	0530026970	05300269	9	2	s-ٽ
0348	0530000874	05300008	9	2	s-c
0348	0535000897	05350008	9	2	-c
0348	0535063598	05350635	9	2	-xw
0348	0535061299	05350612	9	2	-c
0348	053600381	05360038	9	2	tF-吙
0348	0544080135	05440801	9	2	M-߱BC
0348	0544000837	05440008	9	2	M-c
0348	055000081	05500008	9	2	@tl-c
0348	0552062114	05520621	9	2	{w-SX
0348	0552080180	05520801	9	2	{w-߱BC
0348	0552000893	05520008	9	2	{w-c
0348	0552090094	05520900	9	2	{w-
0348	0552042795	05520427	9	2	{w-\O
0348	0552003896	05520038	9	2	{w-吙
0348	055600081	05560008	9	2	ˑ-c
0348	055601472	05560147	9	2	ˑ-HƑ
0348	0612000816	06120008	9	2	c-c
0348	0612053517	06120535	9	2	c-
0348	0612063518	06120635	9	2	c-xw
0348	0612021119	06120211	9	2	c-Lw
0348	0612003820	06120038	9	2	c-吙
0348	0612021021	06120210	9	2	c-L
0348	062104438	06210443	9	2	SX-񉶍
0348	062100389	06210038	9	2	SX-吙
0348	0621016741	06210167	9	2	SX-c
0348	0621000858	06210008	9	2	SX-c
0348	0621080182	06210801	9	2	SX-߱BC
0348	0621055283	06210552	9	2	SX-{w
0348	0621042784	06210427	9	2	SX-\O
0348	0621069985	06210699	9	2	SX-OH
0348	0621062286	06210622	9	2	SX-OH
0348	0621050087	06210500	9	2	SX-p[N
0348	0621024588	06210245	9	2	SX-ް 
0348	0621012789	06210127	9	2	SX-c
0348	062200081	06220008	9	2	OH-c
0348	062200382	06220038	9	2	OH-吙
0348	062206213	06220621	9	2	OH-SX
0348	0635021144	06350211	9	2	xw-Lw
0348	0635000886	06350008	9	2	xw-c
0348	0635053587	06350535	9	2	xw-
0348	0635021088	06350210	9	2	xw-L
0348	0635003889	06350038	9	2	xw-吙
0348	0635061290	06350612	9	2	xw-c
0348	0647003849	06470038	9	2	މwO-吙
0348	069900081	06990008	9	2	OH-c
0348	069900382	06990038	9	2	OH-吙
0348	069906213	06990621	9	2	OH-SX
0348	080000081	08000008	9	2	sA-c
0348	080008012	08000801	9	2	sA-߱BC
0348	080005093	08000509	9	2	sA-ˉw
0348	0801000831	08010008	9	2	߱BC-c
0348	0801003832	08010038	9	2	߱BC-吙
0348	0801054436	08010544	9	2	߱BC-M
0348	0801055279	08010552	9	2	߱BC-{w
0348	0801062181	08010621	9	2	߱BC-SX
0348	0801042782	08010427	9	2	߱BC-\O
0348	0801080083	08010800	9	2	߱BC-sA
0348	0801090084	08010900	9	2	߱BC-
0348	0801050985	08010509	9	2	߱BC-ˉw
0348	080500081	08050008	9	2	JВ-c
0348	090000081	09000008	9	2	-c
0348	090005522	09000552	9	2	-{w
0348	090000383	09000038	9	2	-吙
0348	090008014	09000801	9	2	-߱BC
0348	090100081	09010008	9	2	ˉw-c
0348	090100382	09010038	9	2	ˉw-吙
0348	092003432	09200343	9	2	Y-ٕ@
