0348	1	30	A	1	01	3	1	336	468	1006063	0	1006	0	1006030	0	1065	0	1065135	0
0348	1	30	A	1	01	3	2	488	595	1139	0	1193	0	1193137	0
0348	1	30	A	1	01	3	3	638	743	1273	0	1300	0	1329	2
0348	1	30	A	1	01	3	4	755	785	1358	0
0348	1	30	A	2	02	3	1	368	536	1019128	0	1019	0	1060	0	1060092	0	1153	4
0348	1	30	A	2	02	3	2	550	589	1197	2
0348	1	30	A	2	02	3	3	626	696	1264	0	1288	2
0348	1	30	A	2	02	3	4	710	783	1320	0	1354	2
0348	1	30	A	3	03	3	1	359	473	1002	0	1002132	0
0348	1	30	A	3	03	3	2	511	604	1165	0	1196	0	1196228	0
0348	1	30	A	3	03	3	3	661	802	1292	0	1343	2
0348	1	30	A	4	04	3	1	375	495	1025229	0	1025	0	1064	0	1110	4
0348	1	30	A	4	04	3	2	544	666	1199133	0	1199	0	1239	2
0348	1	30	A	4	04	3	3	688	770	1307	0	1307231	0
0348	1	30	A	4	04	3	4	780	810	1377	0
0348	1	30	A	5	05	3	1	383	485	1041250	0	1041	4
0348	1	30	A	5	05	3	2	526	632	1175	0	1215133	0	1215	2
0348	1	30	A	5	05	3	3	664	812	1293	0	1341	0	1341137	0
0348	1	30	A	6	06	3	1	377	512	1011	0	1026	0	1086	0	1141	4
0348	1	30	A	6	06	3	2	560	717	1205	0	1235	2
0348	1	30	A	6	06	3	3	750	821	1353	0	1383	2
0348	1	30	A	7	07	3	1	377	513	1009	0	1084	4
0348	1	30	A	7	07	3	2	561	677	1226031	0	1226	0	1257	0	1257038	0	1289	2
0348	1	30	A	7	07	3	3	705	829	1316	0	1316132	0	1359	0	1359113	0	1399	2
0348	1	30	A	8	08	3	1	341	461	1004229	0	1004	0	1004231	0
0348	1	30	A	8	08	3	2	481	552	1128	0	1164	2
0348	1	30	A	8	08	3	3	608	710	1245	0	1294	2
0348	1	30	A	8	08	3	4	749	832	1352	0	1371	0	1371228	0
0348	1	30	A	9	09	3	1	352	487	1014063	0	1014	0	1080179	0	1080	4
0348	1	30	A	9	09	3	2	502	517	1156	4
0348	1	30	A	9	09	3	3	573	659	1224	0	1234	0	1275260	0	1275	2
0348	1	30	A	9	09	3	4	690	830	1310	0	1310149	0	1372148	0	1372	2
0348	1	30	A	10	10	3	1	355	481	1001	0	1007	0	1052043	0	1052	0	1109	4
0348	1	30	A	10	10	3	2	541	682	1191	0	1254	2
0348	1	30	A	10	10	3	3	715	836	1323	0	1351	0	1381	0	1419	2
0348	1	30	A	11	11	3	1	401	490	1070147	0	1070	4
0348	1	30	A	11	11	3	2	507	575	1160	0	1184	2
0348	1	30	A	11	11	3	3	621	662	1258	2
0348	1	30	A	11	11	3	4	684	726	1303	2
0348	1	30	A	11	11	3	5	738	836	1349133	0	1349	0	1411	2
0348	1	30	A	12	12	3	1	349	450	1005230	0	1005	2
0348	1	30	A	12	12	3	2	470	511	1118	4
0348	1	30	A	12	12	3	3	552	594	1198	2
0348	1	30	A	12	12	3	4	618	692	1265133	0	1265	2
0348	1	30	A	12	12	3	5	707	837	1318	2
0348	1	30	A	13	13	3	1	377	483	1008	0	1051	0	1088	0	1088135	0
0348	1	30	A	13	13	3	2	518	643	1169	0	1220084	0	1220	0	1261	2
0348	1	30	A	13	13	3	3	656	737	1286	2
0348	1	30	A	13	13	3	4	763	845	1366	0	1366231	0
0348	1	30	A	14	14	3	1	362	500	1003	0	1003132	0	1071	4
0348	1	30	A	14	14	3	2	540	650	1189	0	1189149	0	1242	2
0348	1	30	A	14	14	3	3	683	752	1301	0	1321	2
0348	1	30	A	14	14	3	4	782	854	1388170	0	1388	0	1388228	0
0348	1	30	A	15	15	3	1	390	439	1030106	0	1030	0	1030132	0
0348	1	30	A	15	15	3	2	449	543	1108133	0	1108	0	1148	0	1148231	0
0348	1	30	A	15	15	3	3	584	694	1231	0	1248	0	1255	0	1283	2
0348	1	30	A	15	15	3	4	716	860	1324	0	1324132	0	1396	0	1435	2
0348	1	30	A	16	16	3	1	393	513	1020	0	1043	0	1100	0	1133	4
0348	1	30	A	16	16	3	2	554	658	1201	0	1246	0	1280	2
0348	1	30	A	16	16	3	3	687	770	1306	0	1315	0	1347	2
0348	1	30	A	16	16	3	4	784	862	1379	0	1400	0	1400228	0
0348	1	30	A	17	17	3	1	363	514	1012230	0	1012	0	1044	0	1044030	0	1136	4
0348	1	30	A	17	17	3	2	571	676	1221	0	1249	0	1277	2
0348	1	30	A	17	17	3	3	722	862	1327	0	1391	2
0348	1	30	A	18	17	1	1	363	514	1010230	0	1010	0	1045	0	1045030	0	1134	4
0348	1	30	A	18	17	1	2	571	676	1222	0	1250	0	1279	2
0348	1	30	A	18	17	1	3	722	862	1328	0	1392	2
0348	1	30	A	19	18	3	1	414	498	1042	0	1102	4
0348	1	30	A	19	18	3	2	561	676	1206	0	1272	2
0348	1	30	A	19	18	3	3	690	762	1311	0	1336	2
0348	1	30	A	19	18	3	4	789	862	1386	0	1395	0	1425	2
0348	1	30	A	20	19	3	1	360	455	1016250	0	1016	2
0348	1	30	A	20	19	3	2	471	571	1121	0	1131	0	1180	0	1209	2
0348	1	30	A	20	19	3	3	629	758	1266	0	1266090	0
0348	1	30	A	20	19	3	4	795	863	1390	0	1431	2
0348	1	30	A	21	20	3	1	392	425	1034010	0	1034	2
0348	1	30	A	21	20	3	2	437	548	1073	2
0348	1	30	A	21	20	3	3	585	682	1243229	0	1243	0	1276	2
0348	1	30	A	21	20	3	4	731	865	1344133	0	1344	0	1394	0	1394137	0
0348	1	30	A	22	21	3	1	385	471	1040127	0	1040	2
0348	1	30	A	22	21	3	2	518	632	1168	0	1216	0	1238	2
0348	1	30	A	22	21	3	3	651	692	1281	2
0348	1	30	A	22	21	3	4	714	754	1322	2
0348	1	30	A	22	21	3	5	786	870	1389133	0	1389	2
0348	1	30	A	23	22	3	1	380	495	1024230	0	1024	0	1083	4
0348	1	30	A	23	22	3	2	562	602	1207	2
0348	1	30	A	23	22	3	3	623	665	1260	2
0348	1	30	A	23	22	3	4	681	722	1299	2
0348	1	30	A	23	22	3	5	745	876	1345	0	1393133	0	1393	0	1420	0	1420137	0
0348	1	30	A	24	23	3	1	393	538	1032230	0	1032	0	1113	4
0348	1	30	A	24	23	3	2	606	716	1244	0	1271	0	1295	0	1319	2
0348	1	30	A	24	23	3	3	748	880	1350	0	1365	0	1407	0	1448	2
0348	1	30	A	25	24	3	1	383	442	1031194	0	1031	2
0348	1	30	A	25	24	3	2	461	553	1111	0	1111228	0
0348	1	30	A	25	24	3	3	563	593	1208	0
0348	1	30	A	25	24	3	4	641	766	1274	0	1297	0	1332	2
0348	1	30	A	25	24	3	5	810	881	1406	0	1436	2
0348	1	30	A	26	25	3	1	377	458	1013061	0	1013	0	1081	2
0348	1	30	A	26	25	3	2	492	567	1145	0	1179	2
0348	1	30	A	26	25	3	3	626	771	1263	0	1291	0	1314	0	1340	2
0348	1	30	A	26	25	3	4	803	883	1409133	0	1409	2
0348	1	30	A	27	26	3	1	396	534	1049229	0	1049	0	1049231	0
0348	1	30	A	27	26	3	2	606	707	1259031	0	1259	0	1282	0	1302	2
0348	1	30	A	27	26	3	3	745	885	1346	0	1346137	0
0348	1	30	A	28	27	3	1	376	504	1017230	0	1017	0	1094	4
0348	1	30	A	28	27	3	2	565	695	1213	0	1252	0	1285	2
0348	1	30	A	28	27	3	3	725	778	1331	0	1331093	0
0348	1	30	A	28	27	3	4	806	890	1401	0	1432	0	1432228	0
0348	1	30	A	29	27	1	1	376	504	1018230	0	1018	0	1095	4
0348	1	30	A	29	27	1	2	565	695	1210	0	1251	0	1287	2
0348	1	30	A	29	27	1	3	725	778	1330	0	1330093	0
0348	1	30	A	29	27	1	4	806	890	1402	0	1430	0	1430228	0
0348	1	30	A	30	28	3	1	387	516	1029208	0	1029	0	1101	0	1132	4
0348	1	30	A	30	28	3	2	577	652	1227	0	1253	2
0348	1	30	A	30	28	3	3	686	752	1304	0	1326	2
0348	1	30	A	30	28	3	4	771	812	1370	2
0348	1	30	A	30	28	3	5	835	892	1427	0	1427228	0
0348	1	30	A	31	29	3	1	379	500	1021230	0	1021	0	1062	0	1062030	0	1120	4
0348	1	30	A	31	29	3	2	530	580	1178	0	1178012	0
0348	1	30	A	31	29	3	3	630	736	1267	0	1313	2
0348	1	30	A	31	29	3	4	755	779	1357	2
0348	1	30	A	31	29	3	5	810	893	1413133	0	1413	0	1438	0	1438231	0
0348	1	30	A	32	30	3	1	391	493	1039229	0	1039	4
0348	1	30	A	32	30	3	2	507	573	1161	0	1171	0	1203	2
0348	1	30	A	32	30	3	3	625	705	1262	0	1262132	0
0348	1	30	A	32	30	3	4	735	796	1356094	0	1356	2
0348	1	30	A	32	30	3	5	820	852	1415	0	1415032	0
0348	1	30	A	32	30	3	6	864	894	1449	0
0348	1	30	A	33	31	3	1	394	533	1046152	0	1046	0	1103	0	1103180	0
0348	1	30	A	33	31	3	2	547	622	1195	0	1233	2
0348	1	30	A	33	31	3	3	666	750	1296	0	1317	0	1317178	0
0348	1	30	A	33	31	3	4	786	861	1382	0	1418	2
0348	1	30	A	33	31	3	5	879	904	1465	2
0348	1	30	A	34	32	3	1	394	526	1023	0	1047	0	1057	0	1106	0	1106231	0
0348	1	30	A	34	32	3	2	603	670	1241	0	1269	2
0348	1	30	A	34	32	3	3	688	791	1309	0	1335	0	1360	0	1360132	0
0348	1	30	A	34	32	3	4	831	872	1422	2
0348	1	30	A	34	32	3	5	886	906	1471	2
0348	1	30	A	35	32	1	1	394	526	1022	0	1048	0	1058	0	1107	0	1107231	0
0348	1	30	A	35	32	1	2	603	673	1240	0	1270	2
0348	1	30	A	35	32	1	3	688	791	1308	0	1334	0	1362	0	1362132	0
0348	1	30	A	35	32	1	4	831	872	1423	2
0348	1	30	A	35	32	1	5	886	906	1472	2
0348	1	30	A	36	33	3	1	395	485	1055127	0	1055	4
0348	1	30	A	36	33	3	2	501	543	1154	2
0348	1	30	A	36	33	3	3	592	632	1237	2
0348	1	30	A	36	33	3	4	653	695	1284	2
0348	1	30	A	36	33	3	5	726	801	1333	0	1367	2
0348	1	30	A	36	33	3	6	816	909	1412	0	1444	0	1444228	0
0348	1	30	A	37	34	3	1	403	456	1076147	0	1076	2
0348	1	30	A	37	34	3	2	472	586	1129133	0	1129	0	1185	2
0348	1	30	A	37	34	3	3	660	700	1290	2
0348	1	30	A	37	34	3	4	718	759	1325	0	1325242	0
0348	1	30	A	37	34	3	5	789	915	1384	0	1446	0	1446231	0
0348	1	30	A	38	35	3	1	426	529	1061	0	1074	0	1143	0	1143135	0
0348	1	30	A	38	35	3	2	569	697	1218	2
0348	1	30	A	38	35	3	3	729	816	1338243	0	1338	0	1373	2
0348	1	30	A	38	35	3	4	849	919	1440243	0	1440	0	1478	2
0348	1	30	A	39	35	1	1	426	529	1059	0	1075	0	1144	0	1144135	0
0348	1	30	A	39	35	1	2	569	697	1217	2
0348	1	30	A	39	35	1	3	729	820	1337243	0	1337	0	1374	2
0348	1	30	A	39	35	1	4	849	919	1442243	0	1442	0	1477	2
0348	1	30	A	40	36	3	1	415	471	1066031	0	1066	2
0348	1	30	A	40	36	3	2	496	618	1157133	0	1157	0	1200	2
0348	1	30	A	40	36	3	3	690	758	1312	0	1342	2
0348	1	30	A	40	36	3	4	782	922	1378	0	1445	2
0348	1	30	A	41	37	3	1	401	519	1028	0	1028149	0	1115	4
0348	1	30	A	41	37	3	2	533	594	1194106	0	1194	0	1194231	0
0348	1	30	A	41	37	3	3	911	1006	1495	0	1520	0	1553	0	1553132	0
0348	1	30	A	41	37	3	4	1016	1068	1606133	0	1606	0	1606081	0
0348	1	30	A	42	38	3	1	397	454	1038208	0	1038	2
0348	1	30	A	42	38	3	2	468	602	1117	0	1183	2
0348	1	30	A	42	38	3	3	963	1111	1549	0	1621	2
0348	1	30	A	43	39	3	1	398	494	1027	0	1036	0	1099	0	1138	4
0348	1	30	A	43	39	3	2	540	613	1190	0	1229	2
0348	1	30	A	43	39	3	3	630	702	1268	0	1298	2
0348	1	30	A	43	39	3	4	974	1114	1576230	0	1576	0	1576228	0
0348	1	30	A	44	40	3	1	406	546	1054208	0	1054	0	1126133	0	1126	2
0348	1	30	A	44	40	3	2	865	960	1452	0	1479	0	1524	2
0348	1	30	A	44	40	3	3	984	1121	1566	0	1566231	0
0348	1	30	A	45	41	3	1	404	569	1050031	0	1050	0	1112	0	1163	0	1163228	0
0348	1	30	A	45	41	3	2	904	982	1501230	0	1501	0	1532	2
0348	1	30	A	45	41	3	3	998	1127	1582	0	1582071	0	1657	2
0348	1	30	A	46	42	3	1	389	481	1015	0	1015231	0
0348	1	30	A	46	42	3	2	493	599	1146	0	1146231	0
0348	1	30	A	46	42	3	3	938	1063	1521	0	1567	0	1602	0	1602242	0
0348	1	30	A	46	42	3	4	1074	1133	1652	0	1652183	0
0348	1	30	A	47	43	3	1	427	557	1082106	0	1082	0	1135	0	1174	2
0348	1	30	A	47	43	3	2	835	920	1426	0	1443	2
0348	1	30	A	47	43	3	3	932	1000	1514	0	1562	2
0348	1	30	A	47	43	3	4	1040	1137	1636230	0	1636	0	1665	0	1697	2
0348	1	30	A	48	44	3	1	398	508	1056127	0	1056	0	1056030	0	1119	0	1119135	0
0348	1	30	A	48	44	3	2	545	618	1192	0	1228	0	1247	2
0348	1	30	A	48	44	3	3	918	1011	1515136	0	1515	0	1515132	0
0348	1	30	A	48	44	3	4	1032	1142	1620	0	1620113	0	1661	0	1661228	0
0348	1	30	A	49	45	3	1	405	544	1079252	0	1079	0	1137	0	1177	2
0348	1	30	A	49	45	3	2	909	1037	1492	0	1504	0	1527	0	1559	0	1598	4
0348	1	30	A	49	45	3	3	1054	1142	1637	0	1648	0	1676	0	1676251	0
0348	1	30	A	50	46	3	1	407	524	1033	0	1162	4
0348	1	30	A	50	46	3	2	842	982	1433	0	1500	2
0348	1	30	A	50	46	3	3	1027	1141	1608	0	1622	0	1668	0	1707	2
0348	1	30	A	51	47	3	1	410	488	1037	0	1037113	0	1085	0	1085135	0
0348	1	30	A	51	47	3	2	503	617	1158061	0	1158	0	1158148	0	1214	2
0348	1	30	A	51	47	3	3	935	1045	1518	0	1580	0	1580137	0
0348	1	30	A	51	47	3	4	1060	1144	1642	0	1642231	0
0348	1	30	A	52	48	3	1	408	516	1035	0	1122	4
0348	1	30	A	52	48	3	2	539	621	1188	0	1188231	0
0348	1	30	A	52	48	3	3	930	1001	1513	0	1554	2
0348	1	30	A	52	48	3	4	1030	1148	1617	0	1660148	0	1660	2
0348	1	30	A	53	49	3	1	448	504	1092	4
0348	1	30	A	53	49	3	2	518	547	1170	2
0348	1	30	A	53	49	3	3	591	681	1236	0	1236231	0
0348	1	30	A	53	49	3	4	959	1025	1546	0	1568	4
0348	1	30	A	53	49	3	5	1041	1151	1624	0	1673	0	1673228	0
0348	1	30	A	54	50	3	1	449	603	1096	0	1127	0	1176	0	1225	2
0348	1	30	A	54	50	3	2	899	964	1480	0	1508	2
0348	1	30	A	54	50	3	3	994	1061	1578	0	1612	4
0348	1	30	A	54	50	3	4	1076	1153	1653	0	1653070	0
0348	1	30	A	55	51	3	1	464	599	1114	0	1150227	0	1150	0	1181	0	1181256	0
0348	1	30	A	55	51	3	2	865	949	1464230	0	1464	0	1493	0	1493132	0
0348	1	30	A	55	51	3	3	986	1071	1581133	0	1581	0	1611	0	1611132	0
0348	1	30	A	55	51	3	4	1099	1154	1681	0	1681209	0
0348	1	30	A	56	52	3	1	475	621	1124	0	1202	2
0348	1	30	A	56	52	3	2	900	1022	1483	0	1543	4
0348	1	30	A	56	52	3	3	1045	1157	1630	0	1630149	0	1689	2
0348	1	30	A	57	53	3	1	429	522	1089031	0	1089	0	1140	4
0348	1	30	A	57	53	3	2	573	707	1223	0	1256	0	1278	0	1305	2
0348	1	30	A	57	53	3	3	985	1045	1569	0	1569093	0
0348	1	30	A	57	53	3	4	1069	1162	1649	0	1685	0	1685228	0
0348	1	30	A	58	54	3	1	431	489	1067	0	1067050	0
0348	1	30	A	58	54	3	2	529	656	1187133	0	1187	2
0348	1	30	A	58	54	3	3	933	1012	1529230	0	1529	2
0348	1	30	A	58	54	3	4	1025	1067	1604	4
0348	1	30	A	58	54	3	5	1085	1124	1664	2
0348	1	30	A	58	54	3	6	1143	1163	1713	2
0348	1	30	A	59	55	3	1	434	581	1098031	0	1098	0	1159133	0	1159	2
0348	1	30	A	59	55	3	2	875	976	1461	0	1517	2
0348	1	30	A	59	55	3	3	1032	1119	1618	0	1629	0	1629030	0	1655	0	1690	2
0348	1	30	A	59	55	3	4	1131	1163	1706	0	1706016	0	1722	2
0348	1	30	A	60	56	3	1	422	554	1087152	0	1087	0	1151115	0	1151	0	1151228	0
0348	1	30	A	60	56	3	2	885	986	1487229	0	1487	0	1487113	0	1547	2
0348	1	30	A	60	56	3	3	1023	1169	1603	0	1677	2
0348	1	30	A	61	57	3	1	439	511	1078	0	1116	4
0348	1	30	A	61	57	3	2	528	607	1186133	0	1186	2
0348	1	30	A	61	57	3	3	936	1072	1539136	0	1539	0	1583	0	1631	4
0348	1	30	A	61	57	3	4	1089	1172	1669	0	1691	0	1691228	0
0348	1	30	A	62	58	3	1	455	574	1104	0	1173	2
0348	1	30	A	62	58	3	2	868	954	1455	0	1466	0	1503	0	1528	2
0348	1	30	A	62	58	3	3	995	1119	1579	0	1597	0	1644	0	1675	2
0348	1	30	A	62	58	3	4	1131	1174	1703	0	1703231	0
0348	1	30	A	63	59	3	1	422	567	1072230	0	1072	0	1072228	0
0348	1	30	A	63	59	3	2	895	980	1476	0	1497	2
0348	1	30	A	63	59	3	3	1028	1177	1610	0	1687	0	1687228	0
0348	1	30	A	64	60	3	1	419	537	1069031	0	1069	0	1152	4
0348	1	30	A	64	60	3	2	887	984	1490229	0	1490	0	1531	2
0348	1	30	A	64	60	3	3	1012	1121	1616116	0	1616	0	1666	2
0348	1	30	A	64	60	3	4	1136	1181	1709	0	1709146	0
0348	1	30	A	65	61	3	1	445	532	1091	0	1123	0	1167	4
0348	1	30	A	65	61	3	2	559	609	1204	0	1232	2
0348	1	30	A	65	61	3	3	899	1011	1481	0	1509	0	1516	0	1556	2
0348	1	30	A	65	61	3	4	1026	1082	1607	0	1641	4
0348	1	30	A	65	61	3	5	1115	1181	1692	0	1700	0	1726	2
0348	1	30	A	66	62	3	1	421	564	1053	0	1149	2
0348	1	30	A	66	62	3	2	900	962	1505229	0	1505	2
0348	1	30	A	66	62	3	3	986	1007	1573	2
0348	1	30	A	66	62	3	4	1040	1184	1623	0	1647	0	1647091	0	1698	0	1698032	0
0348	1	30	A	67	63	3	1	456	625	1105	0	1130	0	1182	0	1219	0	1219228	0
0348	1	30	A	67	63	3	2	902	1047	1485	0	1561	4
0348	1	30	A	67	63	3	3	1115	1183	1702010	0	1702	0	1733	2
0348	1	30	A	68	64	3	1	428	536	1063	0	1063149	0	1147	4
0348	1	30	A	68	64	3	2	850	963	1439	0	1459	2
0348	1	30	A	68	64	3	3	1005	1087	1591	0	1591132	0
0348	1	30	A	68	64	3	4	1111	1189	1696133	0	1696	2
0348	1	30	A	69	65	3	1	428	507	1090039	0	1090	0	1142	4
0348	1	30	A	69	65	3	2	565	650	1211	0	1211231	0
0348	1	30	A	69	65	3	3	957	1025	1545	0	1571	4
0348	1	30	A	69	65	3	4	1055	1190	1638	0	1654	0	1708	0	1735	2
0348	1	30	A	70	66	3	1	419	564	1068031	0	1068	0	1125	0	1166	0	1166228	0
0348	1	30	A	70	66	3	2	910	1042	1494	0	1574	0	1574132	0
0348	1	30	A	70	66	3	3	1079	1121	1656	2
0348	1	30	A	70	66	3	4	1138	1194	1710	0	1710228	0
0348	1	30	A	71	67	3	1	418	554	1077229	0	1077	2
0348	1	30	A	71	67	3	2	581	601	1230	2
0348	1	30	A	71	67	3	3	950	1057	1558229	0	1558	4
0348	1	30	A	71	67	3	4	1090	1199	1670	0	1693	0	1721	0	1721183	0
0348	1	30	A	72	68	3	1	432	542	1097208	0	1097	0	1155	2
0348	1	30	A	72	68	3	2	565	586	1212	2
0348	1	30	A	72	68	3	3	912	931	1496	0	1506	2
0348	1	30	A	72	68	3	4	943	1069	1526	0	1544	0	1572	0	1601	0	1626	4
0348	1	30	A	72	68	3	5	1106	1198	1684	0	1719	0	1742	2
0348	1	30	A	73	69	3	1	434	589	1093230	0	1093	0	1093024	0	1172	2
0348	1	30	A	73	69	3	2	947	1046	1530	0	1560	0	1593	0	1593132	0
0348	1	30	A	73	69	3	3	1071	1198	1659133	0	1659	0	1705	2
0348	1	30	A	74	70	3	1	725	812	1348229	0	1348	0	1376	2
0348	1	30	A	74	70	3	2	851	934	1441	0	1475	2
0348	1	30	A	74	70	3	3	982	1100	1564	0	1564132	0
0348	1	30	A	74	70	3	4	1141	1214	1720133	0	1720	2
0348	1	30	A	75	71	3	1	752	897	1368136	0	1368	2
0348	1	30	A	75	71	3	2	927	1040	1511	0	1550	0	1588	4
0348	1	30	A	75	71	3	3	1084	1220	1663	0	1729	2
0348	1	30	A	76	71	1	1	752	897	1369136	0	1369	2
0348	1	30	A	76	71	1	2	927	1040	1510	0	1551	0	1587	4
0348	1	30	A	76	71	1	3	1084	1220	1662	0	1725	2
0348	1	30	A	77	72	3	1	745	831	1361230	0	1361	0	1385	0	1385090	0
0348	1	30	A	77	72	3	2	883	1013	1468	0	1512	0	1548	0	1590	2
0348	1	30	A	77	72	3	3	1064	1237	1646	0	1694260	0	1694	0	1718	0	1718132	0	1747133	0	1747	0	1747081	0
0348	1	30	A	78	73	3	1	755	866	1355	0	1410	0	1410221	0
0348	1	30	A	78	73	3	2	891	932	1473	2
0348	1	30	A	78	73	3	3	955	994	1541	2
0348	1	30	A	78	73	3	4	1025	1107	1605	0	1650	4
0348	1	30	A	78	73	3	5	1147	1239	1717	0	1743	0	1743228	0
0348	1	30	A	79	74	3	1	760	814	1363	0	1380	2
0348	1	30	A	79	74	3	2	839	904	1429	0	1451	2
0348	1	30	A	79	74	3	3	932	1007	1525133	0	1525	2
0348	1	30	A	79	74	3	4	1028	1103	1609	0	1651	4
0348	1	30	A	79	74	3	5	1158	1237	1730	0	1748	2
0348	1	30	A	80	75	3	1	733	846	1339	0	1364	0	1404	0	1404085	0
0348	1	30	A	80	75	3	2	902	994	1484	0	1540	0	1540242	0
0348	1	30	A	80	75	3	3	1015	1132	1600	2
0348	1	30	A	80	75	3	4	1169	1246	1736	0	1746	0	1746228	0
0348	1	30	A	81	76	3	1	830	860	1421	0
0348	1	30	A	81	76	3	2	870	941	1457	0	1491	2
0348	1	30	A	81	76	3	3	955	1071	1542	0	1565	0	1619	4
0348	1	30	A	81	76	3	4	1110	1198	1704229	0	1704	0	1734	2
0348	1	30	A	81	76	3	5	1215	1263	1756	0	1756209	0
0348	1	30	A	82	77	3	1	808	932	1403	0	1414	0	1414132	0	1453	0	1482	2
0348	1	30	A	82	77	3	2	966	1050	1552	0	1592	0	1592178	0
0348	1	30	A	82	77	3	3	1060	1120	1643	0	1683	2
0348	1	30	A	82	77	3	4	1157	1270	1727	0	1740	0	1761	0	1771	2
0348	1	30	A	83	78	3	1	812	920	1408	0	1428	0	1467	2
0348	1	30	A	83	78	3	2	940	1010	1523	0	1555	2
0348	1	30	A	83	78	3	3	1089	1211	1667	0	1701	0	1701178	0	1738	2
0348	1	30	A	83	78	3	4	1223	1273	1760	0	1760228	0
0348	1	30	A	84	79	3	1	780	801	1375	2
0348	1	30	A	84	79	3	2	832	962	1424	2
0348	1	30	A	84	79	3	3	987	1100	1575	0	1584	0	1632	0	1672	4
0348	1	30	A	84	79	3	4	1146	1274	1715	0	1758	2
0348	1	30	A	85	80	3	1	805	931	1398	2
0348	1	30	A	85	80	3	2	968	1083	1563089	0	1563	0	1594	0	1628	0	1628218	0
0348	1	30	A	85	80	3	3	1119	1274	1695	0	1732	0	1757133	0	1757	2
0348	1	30	A	86	81	3	1	789	890	1387	0	1387132	0
0348	1	30	A	86	81	3	2	915	981	1498	0	1533	2
0348	1	30	A	86	81	3	3	1008	1105	1595	0	1645	4
0348	1	30	A	86	81	3	4	1144	1195	1714	0	1714251	0
0348	1	30	A	86	81	3	5	1205	1279	1752	0	1752228	0
0348	1	30	A	87	82	3	1	810	916	1405	0	1462	2
0348	1	30	A	87	82	3	2	950	989	1534	2
0348	1	30	A	87	82	3	3	1001	1076	1589243	0	1589	0	1635	4
0348	1	30	A	87	82	3	4	1125	1189	1699	0	1699146	0
0348	1	30	A	87	82	3	5	1205	1291	1751	0	1751017	0
0348	1	30	A	88	83	3	1	808	960	1417136	0	1417	0	1456	0	1488	0	1536	2
0348	1	30	A	88	83	3	2	1029	1120	1615	0	1640	0	1680	2
0348	1	30	A	88	83	3	3	1157	1200	1728	0	1728085	0
0348	1	30	A	88	83	3	4	1210	1299	1754	0	1767	0	1767137	0
0348	1	30	A	89	83	1	1	808	960	1416136	0	1416	0	1454	0	1489	0	1537	2
0348	1	30	A	89	83	1	2	1029	1120	1614	0	1639	0	1679	2
0348	1	30	A	89	83	1	3	1157	1200	1724	0	1724085	0
0348	1	30	A	89	83	1	4	1210	1299	1755	0	1768	0	1768137	0
0348	1	30	A	90	84	3	1	803	946	1397	0	1437	0	1486	2
0348	1	30	A	90	84	3	2	970	1081	1557	0	1613148	0	1613	4
0348	1	30	A	90	84	3	3	1155	1214	1723	2
0348	1	30	A	90	84	3	4	1243	1302	1766133	0	1766	2
0348	1	30	A	91	85	3	1	865	1002	1450	0	1522	2
0348	1	30	A	91	85	3	2	1044	1065	1627	4
0348	1	30	A	91	85	3	3	1105	1207	1682	0	1731	2
0348	1	30	A	91	85	3	4	1222	1308	1759	0	1772	2
0348	1	30	A	92	86	3	1	846	975	1447230	0	1447	0	1502	0	1502231	0
0348	1	30	A	92	86	3	2	985	1015	1570	0
0348	1	30	A	92	86	3	3	1077	1182	1671182	0	1671	0	1712	0	1712242	0
0348	1	30	A	92	86	3	4	1202	1314	1750	2
0348	1	30	A	93	87	3	1	825	921	1434229	0	1434	0	1470	2
0348	1	30	A	93	87	3	2	936	988	1519	0	1519032	0
0348	1	30	A	93	87	3	3	1078	1166	1674136	0	1674	0	1674132	0
0348	1	30	A	93	87	3	4	1190	1339	1744	0	1744090	0	1775	0	1775183	0
0348	1	30	A	94	88	3	1	858	951	1460136	0	1460	0	1460132	0
0348	1	30	A	94	88	3	2	980	1056	1577133	0	1577	4
0348	1	30	A	94	88	3	3	1108	1222	1688	0	1737	2
0348	1	30	A	94	88	3	4	1245	1352	1765	2
0348	1	30	A	95	89	3	1	855	951	1463229	0	1463	0	1499	2
0348	1	30	A	95	89	3	2	1010	1088	1596	0	1633	4
0348	1	30	A	95	89	3	3	1137	1253	1716133	0	1716	0	1753	0	1753231	0
0348	1	30	A	95	89	3	4	1287	1358	1774	0	1774231	0
0348	1	30	A	96	90	3	1	884	921	1469	0	1469221	0
0348	1	30	A	96	90	3	2	951	993	1538	2
0348	1	30	A	96	90	3	3	1015	1145	1599	0	1658133	0	1658	2
0348	1	30	A	96	90	3	4	1184	1247	1739	0	1762	2
0348	1	30	A	96	90	3	5	1260	1360	1769	0	1769156	0	1778	0	1778209	0
0348	1	30	A	97	91	3	1	877	998	1474136	0	1474	2
0348	1	30	A	97	91	3	2	1042	1151	1625	0	1678	0	1678132	0
0348	1	30	A	97	91	3	3	1202	1270	1749	0	1764	0	1764178	0
0348	1	30	A	97	91	3	4	1293	1364	1777133	0	1777	0	1777070	0
0348	1	30	A	98	92	3	1	930	1093	1535034	0	1535	0	1585	0	1634	4
0348	1	30	A	98	92	3	2	1139	1234	1711	0	1741	2
0348	1	30	A	98	92	3	3	1262	1372	1770	0	1776	0	1779	0	1779032	0
0348	1	30	A	99	93	3	1	871	910	1458	2
0348	1	30	A	99	93	3	2	924	1054	1507	0	1586	4
0348	1	30	A	99	93	3	3	1108	1155	1686	0	1686032	0
0348	1	30	A	99	93	3	4	1190	1263	1745	0	1763	2
0348	1	30	A	99	93	3	5	1282	1373	1773	0	1780	2
0348	1	30	C	1	01	3	1	345	514	3016229	0	3016	0	3021	0	3028	0	3038	4
0348	1	30	C	1	01	3	2	559	630	3051	0	3056	2
0348	1	30	C	1	01	3	3	642	761	3067084	0	3067	0	3074	0	3077	2
0348	1	30	C	2	02	3	1	344	478	3014	0	3020043	0	3020	0	3026	2
0348	1	30	C	2	02	3	2	521	561	3042	2
0348	1	30	C	2	02	3	3	573	615	3054	2
0348	1	30	C	2	02	3	4	636	712	3063	0	3070	2
0348	1	30	C	2	02	3	5	741	802	3078	0	3085	2
0348	1	30	C	3	03	3	1	369	525	3017229	0	3017	0	3030	4
0348	1	30	C	3	03	3	2	568	607	3053	2
0348	1	30	C	3	03	3	3	642	772	3065	2
0348	1	30	C	3	03	3	4	784	814	3083	0
0348	1	30	C	4	04	3	1	343	390	3015031	0	3015	2
0348	1	30	C	4	04	3	2	417	527	3023096	0	3023	0	3035	0	3035228	0
0348	1	30	C	4	04	3	3	537	567	3045	0
0348	1	30	C	4	04	3	4	609	672	3061	0	3066	2
0348	1	30	C	4	04	3	5	689	820	3075	0	3075231	0
0348	1	30	C	5	05	3	1	377	469	3019031	0	3019	0	3019092	0	3032	2
0348	1	30	C	5	05	3	2	487	564	3037	0	3044	2
0348	1	30	C	5	05	3	3	606	738	3062133	0	3062	0	3069	2
0348	1	30	C	5	05	3	4	764	803	3081	2
0348	1	30	C	5	05	3	5	815	845	3088	0
0348	1	30	C	6	06	3	1	442	505	3034252	0	3034	4
0348	1	30	C	6	06	3	2	524	589	3043	0	3050	2
0348	1	30	C	6	06	3	3	630	710	3064133	0	3064	0	3068	0	3068132	0
0348	1	30	C	6	06	3	4	743	848	3079133	0	3079	0	3087	2
0348	1	30	C	6	06	3	5	884	949	3092	0	3094	2
0348	1	30	C	7	07	3	1	411	515	3027144	0	3027	0	3036	4
0348	1	30	C	7	07	3	2	570	655	3055133	0	3055	0	3060	0	3060231	0
0348	1	30	C	7	07	3	3	955	1053	3095	0	3097157	0	3097	4
0348	1	30	C	7	07	3	4	1073	1141	3099	0	3100	2
0348	1	30	C	8	08	3	1	421	436	3006232	0	3006	2
0348	1	30	C	8	08	3	2	461	627	3007	0	3008	0	3009	0	3009231	0
0348	1	30	C	8	08	3	3	960	1048	3010229	0	3010	0	3011	4
0348	1	30	C	8	08	3	4	1085	1165	3012	0	3013	2
0348	1	30	C	9	09	3	1	416	535	3022	0	3029	0	3039	4
0348	1	30	C	9	09	3	2	551	626	3049	0	3059	2
0348	1	30	C	9	09	3	3	980	1106	3096	0	3098	4
0348	1	30	C	9	09	3	4	1120	1174	3101	0	3101087	0	3102	2
0348	1	30	C	10	10	3	1	391	546	3018	0	3024	0	3033	0	3040	0	3047	2
0348	1	30	C	10	10	3	2	601	742	3058	0	3071	2
0348	1	30	C	10	10	3	3	779	853	3082	0	3086	0	3089	2
0348	1	30	C	11	11	3	1	418	485	3025025	0	3025	0	3025228	0
0348	1	30	C	11	11	3	2	503	630	3041	0	3041132	0
0348	1	30	C	11	11	3	3	678	775	3073133	0	3073	0	3080	2
0348	1	30	C	11	11	3	4	827	894	3090039	0	3090	0	3093	2
0348	1	30	C	12	12	3	1	438	505	3031061	0	3031	0	3031093	0
0348	1	30	C	12	12	3	2	541	635	3048	0	3057	2
0348	1	30	C	12	12	3	3	669	756	3072133	0	3072	0	3076	0	3076137	0
0348	1	30	C	12	12	3	4	785	898	3084	0	3091	2
0348	1	30	C	13	13	3	1	537	673	3046	0	3052	0	3052132	0
0348	1	30	C	13	13	3	2	761	888	3002133	0	3002	0	3002231	0
0348	1	30	C	13	13	3	3	971	1079	3004230	0	3004	0	3004231	0
0348	1	30	C	14	14	3	1	651	783	3001230	0	3001	0	3001231	0
0348	1	30	C	14	14	3	2	861	994	3003230	0	3003	0	3003132	0
0348	1	30	C	14	14	3	3	1055	1155	3005133	0	3005	0	3005231	0
0348	2	30	A	1	01	3	1	371	467	1025230	0	1025	0	1066	2
0348	2	30	A	1	01	3	2	513	610	1156	0	1208	0	1208137	0
0348	2	30	A	1	01	3	3	627	760	1269	0	1277	0	1332	0	1358	2
0348	2	30	A	1	01	3	4	772	802	1388	0
0348	2	30	A	2	02	3	1	342	520	1014042	0	1014	0	1024	0	1041	0	1041064	0	1125187	0	1125	0	1125231	0
0348	2	30	A	2	02	3	2	564	693	1206	0	1206090	0
0348	2	30	A	2	02	3	3	709	780	1337	0	1368	2
0348	2	30	A	3	03	3	1	364	506	1030063	0	1030	0	1109173	0	1109	2
0348	2	30	A	3	03	3	2	557	629	1207089	0	1207	2
0348	2	30	A	3	03	3	3	656	780	1292	2
0348	2	30	A	3	03	3	4	792	822	1405	0
0348	2	30	A	4	05	3	1	339	386	1009031	0	1009	2
0348	2	30	A	4	05	3	2	409	469	1045	0	1079	2
0348	2	30	A	4	05	3	3	521	556	1168	2
0348	2	30	A	4	05	3	4	573	614	1219	2
0348	2	30	A	4	05	3	5	630	666	1272	2
0348	2	30	A	4	05	3	6	680	720	1311	2
0348	2	30	A	4	05	3	7	742	821	1357	0	1389	0	1389228	0
0348	2	30	A	5	06	3	1	367	467	1016	0	1059	2
0348	2	30	A	5	06	3	2	504	630	1148	0	1148132	0
0348	2	30	A	5	06	3	3	669	816	1310133	0	1310	0	1336	0	1359	2
0348	2	30	A	6	07	3	1	380	504	1022	0	1080	2
0348	2	30	A	6	07	3	2	545	635	1187	0	1220	0	1245	2
0348	2	30	A	6	07	3	3	676	808	1317133	0	1317	0	1387	2
0348	2	30	A	7	08	3	1	358	441	1013	0	1019	0	1046	2
0348	2	30	A	7	08	3	2	479	566	1120	0	1120132	0
0348	2	30	A	7	08	3	3	581	649	1230	0	1255	2
0348	2	30	A	7	08	3	4	681	784	1323133	0	1323	0	1354	2
0348	2	30	A	7	08	3	5	803	825	1413	2
0348	2	30	A	8	09	3	1	339	480	1010042	0	1010	0	1017	0	1031	0	1031064	0	1082187	0	1082	0	1082231	0
0348	2	30	A	8	09	3	2	529	648	1173	0	1246	2
0348	2	30	A	8	09	3	3	670	774	1304	0	1312	0	1346	0	1384	2
0348	2	30	A	9	10	3	1	380	504	1037229	0	1037	0	1096	2
0348	2	30	A	9	10	3	2	516	559	1159	0	1159053	0
0348	2	30	A	9	10	3	3	598	634	1240	2
0348	2	30	A	9	10	3	4	653	787	1287	0	1329	0	1353	0	1353228	0
0348	2	30	A	9	10	3	5	797	827	1409	0
0348	2	30	A	10	11	3	1	364	483	1020031	0	1020	0	1053	0	1091	2
0348	2	30	A	10	11	3	2	497	564	1140	0	1174	2
0348	2	30	A	10	11	3	3	609	677	1253	0	1280	2
0348	2	30	A	10	11	3	4	690	726	1321	2
0348	2	30	A	10	11	3	5	745	801	1360	0	1360228	0
0348	2	30	A	11	12	3	1	335	426	1012229	0	1012	0	1012134	0	1029	2
0348	2	30	A	11	12	3	2	476	600	1127133	0	1127	0	1178	2
0348	2	30	A	11	12	3	3	625	696	1264	0	1295	2
0348	2	30	A	11	12	3	4	734	829	1351	0	1001	0	1001137	0
0348	2	30	A	12	12	1	1	335	426	1011229	0	1011	0	1011134	0	1028	2
0348	2	30	A	12	12	1	2	476	600	1126133	0	1126	0	1179	2
0348	2	30	A	12	12	1	3	625	696	1266	0	1297	2
0348	2	30	A	12	12	1	4	734	833	1352	0	1395	0	1395137	0
0348	2	30	A	13	13	3	1	337	440	1007	0	1007090	0
0348	2	30	A	13	13	3	2	451	488	1094	2
0348	2	30	A	13	13	3	3	533	601	1176	0	1002	2
0348	2	30	A	13	13	3	4	626	664	1267	2
0348	2	30	A	13	13	3	5	676	714	1307	2
0348	2	30	A	13	13	3	6	748	828	1363	0	1376	0	1425260	0	1425	2
0348	2	30	A	14	13	1	1	337	440	1008	0	1008090	0
0348	2	30	A	14	13	1	2	451	488	1093	2
0348	2	30	A	14	13	1	3	533	605	1177	0	1222	2
0348	2	30	A	14	13	1	4	626	664	1268	2
0348	2	30	A	14	13	1	5	676	714	1306	2
0348	2	30	A	14	13	1	6	748	828	1364	0	1373	0	1426260	0	1426	2
0348	2	30	A	15	14	3	1	402	521	1062229	0	1062	0	1062132	0
0348	2	30	A	15	14	3	2	549	620	1199133	0	1199	0	1233	0	1233132	0
0348	2	30	A	15	14	3	3	657	693	1294	2
0348	2	30	A	15	14	3	4	713	752	1339	2
0348	2	30	A	15	14	3	5	777	813	1393	2
0348	2	30	A	15	14	3	6	835	891	1445	0	1445228	0
0348	2	30	A	16	15	3	1	392	424	1043010	0	1043	2
0348	2	30	A	16	15	3	2	436	542	1076	0	1130	0	1169	2
0348	2	30	A	16	15	3	3	588	695	1234	0	1254	0	1259	0	1289	2
0348	2	30	A	16	15	3	4	723	861	1345	0	1408	2
0348	2	30	A	17	16	3	1	362	518	1015	0	1056260	0	1056	0	1098	0	1098137	0
0348	2	30	A	17	16	3	2	572	655	1217	0	1217132	0
0348	2	30	A	17	16	3	3	670	738	1303	0	1333	2
0348	2	30	A	17	16	3	4	760	846	1375	0	1407	0	1407228	0
0348	2	30	A	18	17	3	1	417	560	1052	0	1138	2
0348	2	30	A	18	17	3	2	599	664	1242	0	1261	2
0348	2	30	A	18	17	3	3	682	743	1313	0	1340	2
0348	2	30	A	18	17	3	4	806	923	1429133	0	1429	0	1467	0	1467137	0
0348	2	30	A	19	18	3	1	404	503	1040	0	1087	0	1131	2
0348	2	30	A	19	18	3	2	558	673	1205061	0	1205	0	1275	2
0348	2	30	A	19	18	3	3	695	762	1327	0	1356	2
0348	2	30	A	19	18	3	4	774	869	1390	0	1439	0	1439137	0
0348	2	30	A	20	19	3	1	364	442	1026229	0	1026	0	1050	2
0348	2	30	A	20	19	3	2	457	523	1099	0	1134	2
0348	2	30	A	20	19	3	3	603	707	1262235	0	1262	0	1293	0	1314	2
0348	2	30	A	20	19	3	4	736	878	1367230	0	1367	0	1416	0	1416137	0
0348	2	30	A	21	20	3	1	380	456	1021	0	1035	0	1070	2
0348	2	30	A	21	20	3	2	503	541	1147	2
0348	2	30	A	21	20	3	3	559	722	1202	0	1257	0	1315	2
0348	2	30	A	21	20	3	4	749	820	1365	0	1399	2
0348	2	30	A	21	20	3	5	838	876	1447	0	1466	2
0348	2	30	A	22	21	3	1	411	526	1071229	0	1071	0	1106	0	1106180	0
0348	2	30	A	22	21	3	2	566	615	1209	0	1209209	0
0348	2	30	A	22	21	3	3	652	735	1286	0	1335	2
0348	2	30	A	22	21	3	4	762	915	1379	0	1379090	0	1457	0	1499	2
0348	2	30	A	23	22	3	1	416	500	1077229	0	1077	2
0348	2	30	A	23	22	3	2	542	680	1186	0	1256	2
0348	2	30	A	23	22	3	3	719	817	1343	0	1394	2
0348	2	30	A	23	22	3	4	877	915	1481	2
0348	2	30	A	24	23	3	1	378	463	1033229	0	1033	0	1068	2
0348	2	30	A	24	23	3	2	526	683	1171	0	1200	0	1200180	0	1260	0	1288	2
0348	2	30	A	24	23	3	3	706	764	1347094	0	1347	2
0348	2	30	A	24	23	3	4	810	879	1424	0	1455	2
0348	2	30	A	25	24	3	1	411	497	1047	0	1104	2
0348	2	30	A	25	24	3	2	509	598	1152	0	1180	2
0348	2	30	A	25	24	3	3	638	753	1276	0	1276132	0	1342	2
0348	2	30	A	25	24	3	4	775	813	1391	2
0348	2	30	A	25	24	3	5	837	887	1446	0	1446209	0
0348	2	30	A	26	25	3	1	388	435	1042225	0	1042	2
0348	2	30	A	26	25	3	2	455	511	1095	0	1095228	0
0348	2	30	A	26	25	3	3	570	639	1216	0	1251	2
0348	2	30	A	26	25	3	4	662	801	1299	0	1355	2
0348	2	30	A	26	25	3	5	813	843	1427	0
0348	2	30	A	27	26	3	1	395	523	1032	0	1055	0	1067	0	1105	0	1105231	0
0348	2	30	A	27	26	3	2	567	637	1211	0	1228	0	1228012	0
0348	2	30	A	27	26	3	3	688	850	1319	0	1328	0	1372260	0	1372	0	1422	2
0348	2	30	A	28	27	3	1	400	540	1034	0	1034030	0	1145	0	1145135	0
0348	2	30	A	28	27	3	2	575	668	1223	0	1004	0	1285	2
0348	2	30	A	28	27	3	3	692	798	1325	0	1370	2
0348	2	30	A	28	27	3	4	854	902	1459	0	1483	2
0348	2	30	A	29	27	1	1	400	540	1036	0	1036030	0	1146	0	1146135	0
0348	2	30	A	29	27	1	2	575	668	1221	0	1243	0	1282	2
0348	2	30	A	29	27	1	3	692	798	1324	0	1371	2
0348	2	30	A	29	27	1	4	854	902	1460	0	1485	2
0348	2	30	A	30	28	3	1	409	462	1069252	0	1069	2
0348	2	30	A	30	28	3	2	477	612	1119	0	1153	0	1218173	0	1218	2
0348	2	30	A	30	28	3	3	659	697	1298	2
0348	2	30	A	30	28	3	4	719	758	1344	0	1344242	0
0348	2	30	A	30	28	3	5	775	900	1392	2
0348	2	30	A	31	29	3	1	402	455	1038	0	1061	2
0348	2	30	A	31	29	3	2	506	654	1150	0	1210	0	1249	0	1281	2
0348	2	30	A	31	29	3	3	690	759	1322	0	1349	2
0348	2	30	A	31	29	3	4	784	865	1410230	0	1410	0	1440	0	1440231	0
0348	2	30	A	32	30	3	1	382	502	1023	0	1023132	0	1108	2
0348	2	30	A	32	30	3	2	528	569	1172	2
0348	2	30	A	32	30	3	3	621	736	1271133	0	1271	0	1308	2
0348	2	30	A	32	30	3	4	787	891	1400	0	1454	0	1454137	0
0348	2	30	A	33	31	3	1	353	500	1018229	0	1018	0	1039	0	1086	0	1128	2
0348	2	30	A	33	31	3	2	555	721	1196	0	1239	2
0348	2	30	A	33	31	3	3	767	846	1386	0	1403	0	1403183	0
0348	2	30	A	34	32	3	1	389	444	1049194	0	1049	2
0348	2	30	A	34	32	3	2	460	557	1103	0	1164	2
0348	2	30	A	34	32	3	3	605	667	1248	0	1003	2
0348	2	30	A	34	32	3	4	688	726	1320	2
0348	2	30	A	34	32	3	5	761	894	1381243	0	1381	0	1423	0	1452	0	1494	2
0348	2	30	A	35	32	1	1	389	444	1048194	0	1048	2
0348	2	30	A	35	32	1	2	460	557	1102	0	1165	2
0348	2	30	A	35	32	1	3	605	671	1250	0	1273	2
0348	2	30	A	35	32	1	4	688	726	1318	2
0348	2	30	A	35	32	1	5	761	894	1382243	0	1382	0	1421	0	1453	0	1493	2
0348	2	30	A	36	33	3	1	408	427	1044	0	1057	2
0348	2	30	A	36	33	3	2	444	524	1084	0	1139	2
0348	2	30	A	36	33	3	3	539	559	1184	2
0348	2	30	A	36	33	3	4	598	708	1241	0	1300	2
0348	2	30	A	36	33	3	5	745	874	1361	0	1361231	0
0348	2	30	A	37	34	3	1	403	457	1063229	0	1063	2
0348	2	30	A	37	34	3	2	498	618	1142	0	1193	0	1231	2
0348	2	30	A	37	34	3	3	641	709	1279	0	1305	2
0348	2	30	A	37	34	3	4	730	881	1350	0	1383	0	1412	0	1443	0	1443228	0
0348	2	30	A	38	35	3	1	387	476	1027	0	1081	2
0348	2	30	A	38	35	3	2	497	606	1141	0	1183	0	1229	2
0348	2	30	A	38	35	3	3	658	718	1296	0	1296093	0
0348	2	30	A	38	35	3	4	747	783	1362	2
0348	2	30	A	38	35	3	5	805	861	1415	0	1415228	0
0348	2	30	A	39	36	3	1	424	490	1064	0	1064150	0
0348	2	30	A	39	36	3	2	546	581	1189	2
0348	2	30	A	39	36	3	3	593	652	1238	0	1238228	0
0348	2	30	A	39	36	3	4	684	809	1316	0	1316132	0
0348	2	30	A	39	36	3	5	856	936	1469133	0	1469	2
0348	2	30	A	40	42	3	1	455	578	1113230	0	1113	0	1144	0	1144030	0	1188	2
0348	2	30	A	40	42	3	2	624	749	1263	0	1263132	0
0348	2	30	A	40	42	3	3	790	941	1404	0	1438	0	1468	0	1498	0	1498228	0
0348	2	30	A	41	43	3	1	450	531	1092	0	1117	0	1117228	0
0348	2	30	A	41	43	3	2	568	645	1214	0	1237	0	1237137	0
0348	2	30	A	41	43	3	3	911	996	1524230	0	1524	2
0348	2	30	A	41	43	3	4	1026	1148	1619230	0	1619	0	1657	0	1657137	0
0348	2	30	A	42	47	3	1	416	508	1078152	0	1078	0	1129	2
0348	2	30	A	42	47	3	2	560	672	1203	0	1226	0	1258	0	1258038	0	1290	2
0348	2	30	A	42	47	3	3	925	1081	1525	0	1598	2
0348	2	30	A	43	48	3	1	411	503	1072144	0	1072	0	1111	2
0348	2	30	A	43	48	3	2	516	602	1160	0	1192	0	1192228	0
0348	2	30	A	43	48	3	3	862	974	1480136	0	1480	0	1537	2
0348	2	30	A	43	48	3	4	999	1084	1586	0	1586231	0
0348	2	30	A	44	49	3	1	479	596	1123061	0	1123	0	1185	0	1224	2
0348	2	30	A	44	49	3	2	871	932	1477	0	1500	2
0348	2	30	A	44	49	3	3	957	995	1558	2
0348	2	30	A	44	49	3	4	1015	1052	1599	4
0348	2	30	A	44	49	3	5	1072	1179	1641	0	1641137	0
0348	2	30	A	45	50	3	1	458	576	1124128	0	1124	0	1161	0	1161180	0
0348	2	30	A	45	50	3	2	616	689	1265133	0	1265	2
0348	2	30	A	45	50	3	3	715	840	1341	2
0348	2	30	A	45	50	3	4	870	939	1476	0	1510	2
0348	2	30	A	46	51	3	1	470	582	1114	0	1114038	0	1132	0	1167	0	1167035	0	1201	2
0348	2	30	A	46	51	3	2	925	962	1527	0	1546	2
0348	2	30	A	46	51	3	3	984	1122	1573	0	1583	0	1626260	0	1626	0	1650	0	1650090	0
0348	2	30	A	46	51	3	4	1139	1199	1684	0	1684146	0
0348	2	30	A	47	52	3	1	482	620	1122	0	1197	2
0348	2	30	A	47	52	3	2	879	937	1504229	0	1504	2
0348	2	30	A	47	52	3	3	955	992	1555	2
0348	2	30	A	47	52	3	4	1025	1061	1605	2
0348	2	30	A	47	52	3	5	1081	1117	1649	2
0348	2	30	A	47	52	3	6	1143	1182	1685	0	1685032	0
0348	2	30	A	48	53	3	1	449	542	1090	0	1143	2
0348	2	30	A	48	53	3	2	602	741	1244	0	1309	2
0348	2	30	A	48	53	3	3	990	1027	1580	0	1595	2
0348	2	30	A	48	53	3	4	1044	1153	1620	0	1620149	0	1674	2
0348	2	30	A	49	54	3	1	443	493	1107034	0	1107	2
0348	2	30	A	49	54	3	2	507	625	1151	0	1162	0	1213	0	1252	2
0348	2	30	A	49	54	3	3	868	963	1473	0	1487	0	1539043	0	1539	2
0348	2	30	A	49	54	3	4	989	1107	1579	0	1579149	0	1631	0	1631137	0
0348	2	30	A	50	55	3	1	491	579	1149230	0	1149	2
0348	2	30	A	50	55	3	2	632	734	1274	0	1326	2
0348	2	30	A	50	55	3	3	780	827	1396	0	1414	2
0348	2	30	A	50	55	3	4	843	981	1451	0	1517	2
0348	2	30	A	51	56	3	1	421	493	1075230	0	1075	0	1101	2
0348	2	30	A	51	56	3	2	540	661	1191133	0	1191	2
0348	2	30	A	51	56	3	3	962	1102	1560	0	1618	2
0348	2	30	A	52	57	3	1	448	507	1112144	0	1112	2
0348	2	30	A	52	57	3	2	569	706	1225089	0	1225	0	1247	0	1278	0	1302	0	1302132	0
0348	2	30	A	52	57	3	3	752	827	1377133	0	1377	0	1402	0	1402132	0
0348	2	30	A	52	57	3	4	872	952	1490133	0	1490	0	1513	0	1513231	0
0348	2	30	A	53	58	3	1	521	582	1166	0	1195	2
0348	2	30	A	53	58	3	2	627	714	1270	0	1301	0	1334	2
0348	2	30	A	53	58	3	3	726	756	1348	0
0348	2	30	A	53	58	3	4	793	960	1406	0	1444	2
0348	2	30	A	54	59	3	1	494	601	1137	0	1137231	0
0348	2	30	A	54	59	3	2	901	983	1523229	0	1523	0	1553	2
0348	2	30	A	54	59	3	3	1014	1112	1614116	0	1614	0	1651	2
0348	2	30	A	54	59	3	4	1149	1195	1687	0	1687209	0
0348	2	30	A	55	60	3	1	406	495	1060106	0	1060	0	1060030	0	1100	0	1100135	0
0348	2	30	A	55	60	3	2	522	601	1181106	0	1181	0	1181205	0	1232	2
0348	2	30	A	55	60	3	3	887	949	1495	0	1518	2
0348	2	30	A	55	60	3	4	971	1060	1576230	0	1576	2
0348	2	30	A	55	60	3	5	1076	1138	1648	0	1666	2
0348	2	30	A	56	61	3	1	441	616	1118252	0	1118	0	1154	0	1198	2
0348	2	30	A	56	61	3	2	656	676	1291	2
0348	2	30	A	56	61	3	3	986	1145	1578	0	1669	2
0348	2	30	A	57	62	3	1	420	489	1058	0	1097	2
0348	2	30	A	57	62	3	2	510	579	1155	0	1190	2
0348	2	30	A	57	62	3	3	865	935	1472	0	1502	2
0348	2	30	A	57	62	3	4	957	995	1557	2
0348	2	30	A	57	62	3	5	1031	1080	1613	0	1630	2
0348	2	30	A	57	62	3	6	1099	1158	1660	0	1679	2
0348	2	30	A	58	63	3	1	471	547	1115	0	1158	2
0348	2	30	A	58	63	3	2	592	675	1236	0	1283	2
0348	2	30	A	58	63	3	3	702	783	1330	0	1330090	0
0348	2	30	A	58	63	3	4	819	954	1432	0	1005	0	1508	0	1548	2
0348	2	30	A	59	63	1	1	471	547	1116	0	1157	2
0348	2	30	A	59	63	1	2	592	675	1235	0	1284	2
0348	2	30	A	59	63	1	3	702	783	1331	0	1331090	0
0348	2	30	A	59	63	1	4	819	954	1433	0	1474	0	1507	0	1547	2
0348	2	30	A	60	64	3	1	424	546	1085229	0	1085	2
0348	2	30	A	60	64	3	2	562	599	1204	2
0348	2	30	A	60	64	3	3	899	1011	1503	0	1554	2
0348	2	30	A	60	64	3	4	1029	1138	1612	0	1612093	0	1655	0	1655251	0
0348	2	30	A	61	65	3	1	424	542	1065	0	1088	0	1133	0	1163	2
0348	2	30	A	61	65	3	2	854	911	1478229	0	1478	2
0348	2	30	A	61	65	3	3	925	1037	1528	0	1567	0	1590	2
0348	2	30	A	61	65	3	4	1072	1164	1642	0	1664	0	1664151	0
0348	2	30	A	62	66	3	1	416	473	1051	0	1074	2
0348	2	30	A	62	66	3	2	492	526	1135	2
0348	2	30	A	62	66	3	3	553	612	1194	0	1194228	0
0348	2	30	A	62	66	3	4	912	997	1515	0	1538	0	1538033	0
0348	2	30	A	62	66	3	5	1007	1037	1594	0
0348	2	30	A	62	66	3	6	1073	1159	1643	0	1670	0	1691	2
0348	2	30	A	63	67	3	1	402	454	1054208	0	1054	2
0348	2	30	A	63	67	3	2	468	578	1110	0	1170	0	1170231	0
0348	2	30	A	63	67	3	3	867	961	1491136	0	1491	0	1491132	0
0348	2	30	A	63	67	3	4	997	1115	1584	0	1610	0	1635	0	1635209	0
0348	2	30	A	64	68	3	1	433	518	1089106	0	1089	0	1121	0	1121053	0
0348	2	30	A	64	68	3	2	536	622	1182	0	1215	0	1215228	0
0348	2	30	A	64	68	3	3	902	1009	1506	0	1530	0	1536	0	1565	2
0348	2	30	A	64	68	3	4	1055	1155	1627	0	1647	0	1675	0	1675081	0
0348	2	30	A	65	69	3	1	433	541	1073	0	1083	0	1136	0	1175	2
0348	2	30	A	65	69	3	2	568	587	1212	0	1227	2
0348	2	30	A	65	69	3	3	902	1042	1505	0	1570	2
0348	2	30	A	65	69	3	4	1064	1088	1633	4
0348	2	30	A	65	69	3	5	1102	1187	1661	0	1682	0	1682228	0
0348	2	30	A	66	70	3	1	754	858	1369	0	1430	2
0348	2	30	A	66	70	3	2	907	970	1511	0	1534	2
0348	2	30	A	66	70	3	3	991	1074	1581	0	1606	0	1634	2
0348	2	30	A	66	70	3	4	1115	1222	1673	0	1678	0	1703260	0	1703	0	1703124	0
0348	2	30	A	67	71	3	1	833	910	1442	0	1489	2
0348	2	30	A	67	71	3	2	922	1066	1522	0	1582	0	1622	2
0348	2	30	A	67	71	3	3	1104	1204	1662	0	1701	2
0348	2	30	A	67	71	3	4	1249	1318	1731	0	1741	2
0348	2	30	A	68	72	3	1	712	795	1338	0	1385	2
0348	2	30	A	68	72	3	2	822	984	1436	0	1436132	0	1512	0	1550	0	1550090	0
0348	2	30	A	68	72	3	3	1068	1175	1637	0	1672	0	1696	2
0348	2	30	A	69	73	3	1	760	790	1374	0
0348	2	30	A	69	73	3	2	800	924	1411	2
0348	2	30	A	69	73	3	3	959	999	1559	2
0348	2	30	A	69	73	3	4	1016	1056	1600	0	1600242	0
0348	2	30	A	69	73	3	5	1108	1224	1665	0	1665228	0
0348	2	30	A	70	74	3	1	763	842	1380	0	1380132	0	1418	2
0348	2	30	A	70	74	3	2	865	902	1470	2
0348	2	30	A	70	74	3	3	930	968	1533	2
0348	2	30	A	70	74	3	4	985	1102	1574	0	1608	0	1636	0	1636132	0
0348	2	30	A	70	74	3	5	1137	1226	1683	0	1702	0	1702151	0
0348	2	30	A	71	75	3	1	750	819	1366	0	1401	2
0348	2	30	A	71	75	3	2	858	884	1465	2
0348	2	30	A	71	75	3	3	908	1023	1519133	0	1519	0	1551	0	1551132	0	1575	2
0348	2	30	A	71	75	3	4	1035	1099	1617	0	1654133	0	1654	2
0348	2	30	A	71	75	3	5	1147	1232	1686	0	1686017	0
0348	2	30	A	72	76	3	1	783	921	1398	0	1464	2
0348	2	30	A	72	76	3	2	949	1030	1552	0	1588	2
0348	2	30	A	72	76	3	3	1069	1168	1638	2
0348	2	30	A	72	76	3	4	1197	1240	1712	0	1712032	0
0348	2	30	A	73	77	3	1	799	888	1434229	0	1434	0	1461	2
0348	2	30	A	73	77	3	2	910	1032	1514	0	1545	0	1587094	0	1587	2
0348	2	30	A	73	77	3	3	1072	1168	1640	0	1680098	0	1680	2
0348	2	30	A	73	77	3	4	1192	1262	1711	0	1724	2
0348	2	30	A	74	78	3	1	819	917	1431	0	1441	0	1482	0	1482135	0
0348	2	30	A	74	78	3	2	930	999	1532	0	1564	2
0348	2	30	A	74	78	3	3	1023	1162	1604	0	1659	2
0348	2	30	A	74	78	3	4	1207	1276	1714	0	1729	2
0348	2	30	A	75	79	3	1	761	798	1378	0	1397	2
0348	2	30	A	75	79	3	2	822	973	1437	0	1475260	0	1475	0	1526	2
0348	2	30	A	75	79	3	3	997	1120	1585	0	1644	2
0348	2	30	A	75	79	3	4	1168	1211	1700	0	1700032	0
0348	2	30	A	76	80	3	1	807	887	1435230	0	1435	0	1456	0	1456132	0
0348	2	30	A	76	80	3	2	931	1072	1542133	0	1542	0	1568	0	1589	0	1615	0	1615132	0
0348	2	30	A	76	80	3	3	1120	1278	1676	0	1699	0	1704	0	1721260	0	1721	0	1721017	0
0348	2	30	A	77	81	3	1	838	968	1448	0	1509	0	1549	2
0348	2	30	A	77	81	3	2	984	1043	1592229	0	1592	2
0348	2	30	A	77	81	3	3	1055	1092	1628	4
0348	2	30	A	77	81	3	4	1132	1219	1681	2
0348	2	30	A	77	81	3	5	1236	1287	1725	0	1725183	0
0348	2	30	A	78	82	3	1	813	918	1428	0	1479	2
0348	2	30	A	78	82	3	2	969	1074	1566	0	1611148	0	1611	2
0348	2	30	A	78	82	3	3	1112	1197	1671	0	1688	0	1708	2
0348	2	30	A	78	82	3	4	1209	1273	1715	0	1727	0	1727081	0
0348	2	30	A	79	83	3	1	791	902	1417230	0	1417	0	1486	2
0348	2	30	A	79	83	3	2	944	1083	1544	0	1571	0	1601	0	1629	2
0348	2	30	A	79	83	3	3	1152	1243	1692	0	1707	0	1722	2
0348	2	30	A	80	84	3	1	806	875	1420	0	1449	2
0348	2	30	A	80	84	3	2	912	993	1521084	0	1521	0	1006	2
0348	2	30	A	80	84	3	3	1022	1115	1603	0	1646	2
0348	2	30	A	80	84	3	4	1152	1224	1694	0	1709	2
0348	2	30	A	80	84	3	5	1236	1303	1732229	0	1732	0	1732209	0
0348	2	30	A	81	84	1	1	806	875	1419	0	1450	2
0348	2	30	A	81	84	1	2	912	997	1520084	0	1520	0	1556	2
0348	2	30	A	81	84	1	3	1022	1115	1602	0	1645	2
0348	2	30	A	81	84	1	4	1152	1224	1693	0	1710	2
0348	2	30	A	81	84	1	5	1236	1303	1733229	0	1733	0	1733209	0
0348	2	30	A	82	85	3	1	865	989	1471	2
0348	2	30	A	82	85	3	2	1011	1097	1596	0	1632	2
0348	2	30	A	82	85	3	3	1110	1173	1668	0	1695	2
0348	2	30	A	82	85	3	4	1222	1307	1719	0	1739	2
0348	2	30	A	83	86	3	1	887	917	1496	0
0348	2	30	A	83	86	3	2	927	1074	1529	0	1562	0	1607	2
0348	2	30	A	83	86	3	3	1097	1144	1663089	0	1663	0	1663218	0
0348	2	30	A	83	86	3	4	1182	1329	1705	0	1720	0	1735133	0	1735	0	1735070	0
0348	2	30	A	84	87	3	1	829	917	1458229	0	1458	0	1492	2
0348	2	30	A	84	87	3	2	940	1098	1540	0	1569	0	1597	0	1625	0	1625240	0
0348	2	30	A	84	87	3	3	1150	1252	1689	0	1716	2
0348	2	30	A	84	87	3	4	1284	1335	1740	0	1740183	0
0348	2	30	A	85	88	3	1	855	1014	1462	0	1484	0	1531	0	1561	0	1591	2
0348	2	30	A	85	88	3	2	1084	1218	1653	0	1697	2
0348	2	30	A	85	88	3	3	1247	1311	1730	0	1730132	0
0348	2	30	A	85	88	3	4	1323	1342	1746	2
0348	2	30	A	86	89	3	1	859	947	1488229	0	1488	0	1516	2
0348	2	30	A	86	89	3	2	967	1081	1563	0	1593	0	1621	2
0348	2	30	A	86	89	3	3	1121	1157	1677	2
0348	2	30	A	86	89	3	4	1182	1266	1706	0	1723	2
0348	2	30	A	86	89	3	5	1297	1344	1742	0	1742209	0
0348	2	30	A	87	90	3	1	855	999	1463	0	1501	2
0348	2	30	A	87	90	3	2	1035	1123	1623133	0	1623	0	1623218	0	1658	2
0348	2	30	A	87	90	3	3	1151	1187	1690	2
0348	2	30	A	87	90	3	4	1237	1295	1726	0	1736	2
0348	2	30	A	87	90	3	5	1307	1351	1744	0	1744032	0
0348	2	30	A	88	91	3	1	893	970	1497	0	1541	2
0348	2	30	A	88	91	3	2	984	1050	1572	0	1609	2
0348	2	30	A	88	91	3	3	1084	1165	1652	0	1652090	0
0348	2	30	A	88	91	3	4	1213	1362	1717	0	1734	0	1734030	0	1745	0	1745183	0
0348	2	30	A	89	92	3	1	927	1021	1543136	0	1543	0	1543132	0
0348	2	30	A	89	92	3	2	1035	1133	1616	0	1639	0	1667	2
0348	2	30	A	89	92	3	3	1192	1283	1718144	0	1718	0	1728	0	1738	2
0348	2	30	A	89	92	3	4	1302	1372	1743	0	1748	2
0348	2	30	A	90	93	3	1	934	1028	1535	0	1577	2
0348	2	30	A	90	93	3	2	1046	1120	1624	0	1656	2
0348	2	30	A	90	93	3	3	1157	1232	1698	0	1713	2
0348	2	30	A	90	93	3	4	1267	1373	1737	0	1747	2
0348	2	30	C	1	13	3	1	546	673	3001230	0	3001	0	3001132	0
0348	2	30	C	1	13	3	2	761	883	3003133	0	3003	0	3003132	0
0348	2	30	C	1	13	3	3	893	923	3006	0
0348	2	30	C	1	13	3	4	975	1079	3007133	0	3007	0	3007231	0
0348	2	30	C	2	14	3	1	651	778	3002230	0	3002	0	3002132	0
0348	2	30	C	2	14	3	2	788	818	3004	0
0348	2	30	C	2	14	3	3	866	994	3005133	0	3005	0	3005132	0
0348	2	30	C	2	14	3	4	1055	1155	3008133	0	3008	0	3008231	0
0348	4	30	A	1	01	3	1	367	452	1013	0	1056	2
0348	4	30	A	1	01	3	2	469	599	1129089	0	1129	2
0348	4	30	A	1	01	3	3	655	762	1299	0	1337	0	1365	2
0348	4	30	A	1	01	3	4	774	804	1392	0
0348	4	30	A	2	02	3	1	347	488	1007	0	1007260	0	1020	0	1060	4
0348	4	30	A	2	02	3	2	531	575	1187243	0	1187	2
0348	4	30	A	2	02	3	3	593	631	1245	2
0348	4	30	A	2	02	3	4	664	790	1306	0	1360	0	1360231	0
0348	4	30	A	3	03	3	1	352	514	1017063	0	1017	0	1082	0	1145	4
0348	4	30	A	3	03	3	2	559	690	1228208	0	1228	0	1272	0	1303	2
0348	4	30	A	3	03	3	3	726	819	1351	0	1386	0	1386228	0
0348	4	30	A	4	04	3	1	360	454	1021250	0	1021	2
0348	4	30	A	4	04	3	2	504	643	1154	0	1277	2
0348	4	30	A	4	04	3	3	666	789	1309	0	1331	0	1361	0	1361228	0
0348	4	30	A	5	05	3	1	342	400	1006	0	1006093	0
0348	4	30	A	5	05	3	2	429	576	1069	0	1117	0	1117092	0	1193	2
0348	4	30	A	5	05	3	3	638	736	1284	0	1329	2
0348	4	30	A	5	05	3	4	750	821	1372	0	1412	2
0348	4	30	A	6	06	3	1	359	481	1009	0	1016	0	1058043	0	1058	0	1113	4
0348	4	30	A	6	06	3	2	545	648	1198	0	1236	0	1236015	0	1278	2
0348	4	30	A	6	06	3	3	684	825	1319	0	1319137	0
0348	4	30	A	7	07	3	1	376	494	1030229	0	1030	0	1070	0	1116	4
0348	4	30	A	7	07	3	2	534	661	1197133	0	1197	2
0348	4	30	A	7	07	3	3	687	753	1324	0	1334	0	1334156	0
0348	4	30	A	7	07	3	4	771	826	1390	0	1390209	0
0348	4	30	A	8	08	3	1	382	525	1029031	0	1029	0	1029172	0	1120	0	1120137	0
0348	4	30	A	8	08	3	2	567	732	1220	0	1234	0	1267	0	1311	2
0348	4	30	A	8	08	3	3	758	826	1382	0	1423	2
0348	4	30	A	9	09	3	1	343	514	1011229	0	1011	0	1011030	0	1138	4
0348	4	30	A	9	09	3	2	571	611	1226	2
0348	4	30	A	9	09	3	3	630	670	1001	2
0348	4	30	A	9	09	3	4	688	788	1326	0	1355	0	1389	2
0348	4	30	A	10	09	1	1	343	514	1010229	0	1010	0	1010030	0	1136	4
0348	4	30	A	10	09	1	2	571	611	1225	2
0348	4	30	A	10	09	1	3	630	673	1280	2
0348	4	30	A	10	09	1	4	688	788	1327	0	1354	0	1388	2
0348	4	30	A	11	10	3	1	345	502	1012229	0	1012	0	1031	0	1084	4
0348	4	30	A	11	10	3	2	564	690	1215	0	1215132	0
0348	4	30	A	11	10	3	3	746	830	1369	0	1402	0	1402228	0
0348	4	30	A	12	11	3	1	343	390	1008031	0	1008	2
0348	4	30	A	12	11	3	2	417	533	1050	0	1050231	0
0348	4	30	A	12	11	3	3	595	677	1247	0	1288	2
0348	4	30	A	12	11	3	4	698	796	1332	0	1378	2
0348	4	30	A	13	12	3	1	377	427	1028225	0	1028	2
0348	4	30	A	13	12	3	2	445	489	1096	4
0348	4	30	A	13	12	3	3	532	607	1185	0	1223	2
0348	4	30	A	13	12	3	4	621	662	1269	2
0348	4	30	A	13	12	3	5	694	735	1328	2
0348	4	30	A	13	12	3	6	756	849	1381	0	1414	0	1414228	0
0348	4	30	A	14	13	3	1	372	506	1014	0	1081	4
0348	4	30	A	14	13	3	2	577	684	1232	0	1265	0	1290	0	1290090	0
0348	4	30	A	14	13	3	3	708	781	1339	0	1375	2
0348	4	30	A	14	13	3	4	796	845	1416	0	1443	2
0348	4	30	A	15	14	3	1	377	494	1018061	0	1018	0	1089	4
0348	4	30	A	15	14	3	2	541	682	1195	0	1263	2
0348	4	30	A	15	14	3	3	720	830	1348	0	1397	2
0348	4	30	A	16	15	3	1	379	450	1047252	0	1047	2
0348	4	30	A	16	15	3	2	464	590	1119	0	1178	0	1224	2
0348	4	30	A	16	15	3	3	630	702	1279	0	1312	2
0348	4	30	A	16	15	3	4	722	836	1350	0	1370	0	1407	0	1447	2
0348	4	30	A	17	16	3	1	393	506	1024	0	1094	0	1140	4
0348	4	30	A	17	16	3	2	524	581	1192106	0	1192	0	1192132	0
0348	4	30	A	17	16	3	3	627	708	1283133	0	1283	0	1310	0	1310132	0
0348	4	30	A	17	16	3	4	743	848	1373133	0	1373	0	1429	2
0348	4	30	A	18	17	3	1	401	514	1037061	0	1037	0	1115	4
0348	4	30	A	18	17	3	2	557	677	1209	0	1230	0	1266	0	1266038	0	1304	2
0348	4	30	A	18	17	3	3	699	855	1333	0	1368	0	1441	2
0348	4	30	A	19	18	3	1	352	426	1019063	0	1019	0	1019132	0
0348	4	30	A	19	18	3	2	470	540	1121	0	1160	4
0348	4	30	A	19	18	3	3	562	602	1212	2
0348	4	30	A	19	18	3	4	623	664	1271	2
0348	4	30	A	19	18	3	5	686	752	1322	0	1347	2
0348	4	30	A	19	18	3	6	801	860	1420	0	1465	2
0348	4	30	A	20	19	3	1	377	471	1015	0	1026	0	1063	0	1063231	0
0348	4	30	A	20	19	3	2	510	583	1164	0	1203	2
0348	4	30	A	20	19	3	3	610	673	1259	0	1286	2
0348	4	30	A	20	19	3	4	726	866	1362230	0	1362	0	1418	0	1418231	0
0348	4	30	A	21	20	3	1	385	500	1034230	0	1034	4
0348	4	30	A	21	20	3	2	533	580	1200158	0	1200	2
0348	4	30	A	21	20	3	3	624	751	1273	2
0348	4	30	A	21	20	3	4	788	866	1417089	0	1417	0	1448	0	1448231	0
0348	4	30	A	22	21	3	1	367	503	1022128	0	1022	0	1066	0	1066180	0
0348	4	30	A	22	21	3	2	541	581	1194	2
0348	4	30	A	22	21	3	3	594	635	1246	2
0348	4	30	A	22	21	3	4	651	692	1294	2
0348	4	30	A	22	21	3	5	717	756	1345	2
0348	4	30	A	22	21	3	6	786	879	1408	0	1444	0	1444228	0
0348	4	30	A	23	22	3	1	418	567	1087229	0	1087	0	1087137	0
0348	4	30	A	23	22	3	2	606	627	1255	2
0348	4	30	A	23	22	3	3	643	725	1285	0	1285231	0
0348	4	30	A	23	22	3	4	748	878	1371	0	1383	0	1434	0	1478	2
0348	4	30	A	24	23	3	1	406	526	1062039	0	1062	0	1111	0	1153	4
0348	4	30	A	24	23	3	2	566	722	1218	0	1244	2
0348	4	30	A	24	23	3	3	734	755	1359	2
0348	4	30	A	24	23	3	4	795	880	1425089	0	1425	2
0348	4	30	A	25	24	3	1	415	470	1075039	0	1075	0	1075135	0
0348	4	30	A	25	24	3	2	507	630	1158	0	1169	0	1216	2
0348	4	30	A	25	24	3	3	652	782	1296	2
0348	4	30	A	25	24	3	4	810	881	1433	0	1467	2
0348	4	30	A	26	25	3	1	423	492	1061	0	1061150	0
0348	4	30	A	26	25	3	2	524	589	1179	0	1208	2
0348	4	30	A	26	25	3	3	636	730	1282	0	1313	0	1313228	0
0348	4	30	A	26	25	3	4	754	808	1377	0	1400	2
0348	4	30	A	26	25	3	5	820	891	1442	0	1450	0	1475	0	1498	2
0348	4	30	A	27	26	3	1	413	567	1045	0	1072	0	1143	0	1183	2
0348	4	30	A	27	26	3	2	606	682	1254	0	1287	2
0348	4	30	A	27	26	3	3	711	752	1341	2
0348	4	30	A	27	26	3	4	775	814	1394	2
0348	4	30	A	27	26	3	5	831	886	1449	0	1449209	0
0348	4	30	A	28	27	3	1	383	482	1046250	0	1046	4
0348	4	30	A	28	27	3	2	530	640	1182	0	1252	2
0348	4	30	A	28	27	3	3	660	700	1305	2
0348	4	30	A	28	27	3	4	718	759	1346	0	1346242	0
0348	4	30	A	28	27	3	5	793	890	1413	0	1456	0	1456137	0
0348	4	30	A	29	28	3	1	398	496	1065127	0	1065	0	1065205	0	1123	4
0348	4	30	A	29	28	3	2	520	559	1173	2
0348	4	30	A	29	28	3	3	600	686	1002	0	1292	2
0348	4	30	A	29	28	3	4	703	780	1336	0	1336132	0
0348	4	30	A	29	28	3	5	806	890	1428	0	1459	0	1459228	0
0348	4	30	A	30	28	1	1	398	496	1064127	0	1064	0	1064205	0	1122	4
0348	4	30	A	30	28	1	2	520	559	1171	2
0348	4	30	A	30	28	1	3	600	686	1249	0	1293	2
0348	4	30	A	30	28	1	4	703	780	1335	0	1335132	0
0348	4	30	A	30	28	1	5	806	890	1427	0	1458	0	1458228	0
0348	4	30	A	31	29	3	1	421	548	1077230	0	1077	2
0348	4	30	A	31	29	3	2	592	632	1243	2
0348	4	30	A	31	29	3	3	654	695	1297	2
0348	4	30	A	31	29	3	4	727	746	1353	2
0348	4	30	A	31	29	3	5	763	845	1384	0	1384231	0
0348	4	30	A	31	29	3	6	855	885	1472	0
0348	4	30	A	32	30	3	1	392	473	1038106	0	1038	0	1038030	0	1098	2
0348	4	30	A	32	30	3	2	513	536	1166	4
0348	4	30	A	32	30	3	3	550	653	1202	0	1231	0	1256	0	1256231	0
0348	4	30	A	32	30	3	4	676	761	1315	0	1323	0	1352	2
0348	4	30	A	32	30	3	5	802	896	1440230	0	1440	0	1466	0	1492	2
0348	4	30	A	33	31	3	1	401	475	1078252	0	1078	2
0348	4	30	A	33	31	3	2	499	620	1159133	0	1159	0	1206	2
0348	4	30	A	33	31	3	3	683	751	1317	0	1356	2
0348	4	30	A	33	31	3	4	775	896	1395	0	1430	0	1463	0	1502	2
0348	4	30	A	34	32	3	1	404	467	1054031	0	1054	0	1054178	0
0348	4	30	A	34	32	3	2	480	543	1130	0	1181	2
0348	4	30	A	34	32	3	3	587	676	1240	0	1260	0	1300	2
0348	4	30	A	34	32	3	4	695	734	1330	2
0348	4	30	A	34	32	3	5	772	902	1391	2
0348	4	30	A	35	33	3	1	408	511	1068144	0	1068	0	1124	4
0348	4	30	A	35	33	3	2	526	599	1190133	0	1190	2
0348	4	30	A	35	33	3	3	668	741	1316089	0	1316	0	1340	0	1340132	0
0348	4	30	A	35	33	3	4	752	777	1374	2
0348	4	30	A	35	33	3	5	799	911	1419	0	1509	2
0348	4	30	A	36	34	3	1	406	463	1057208	0	1057	2
0348	4	30	A	36	34	3	2	482	529	1132	0	1132053	0
0348	4	30	A	36	34	3	3	547	622	1199	0	1237	2
0348	4	30	A	36	34	3	4	685	726	1320	2
0348	4	30	A	36	34	3	5	745	784	1367	2
0348	4	30	A	36	34	3	6	801	915	1432133	0	1432	0	1477	0	1477231	0
0348	4	30	A	37	35	3	1	410	490	1043	0	1043113	0	1099	0	1099135	0
0348	4	30	A	37	35	3	2	543	680	1196	0	1221	0	1264	2
0348	4	30	A	37	35	3	3	712	751	1343	2
0348	4	30	A	37	35	3	4	815	916	1439	0	1487	2
0348	4	30	A	38	36	3	1	433	503	1076	0	1114	4
0348	4	30	A	38	36	3	2	550	690	1210133	0	1210	0	1241	0	1274	2
0348	4	30	A	38	36	3	3	712	842	1342	2
0348	4	30	A	38	36	3	4	880	918	1491	0	1515	2
0348	4	30	A	39	37	3	1	392	425	1039010	0	1039	2
0348	4	30	A	39	37	3	2	461	569	1118	0	1118231	0
0348	4	30	A	39	37	3	3	895	977	1507	0	1561	2
0348	4	30	A	39	37	3	4	1002	1128	1613	0	1613030	0	1681	2
0348	4	30	A	40	38	3	1	387	440	1035208	0	1035	2
0348	4	30	A	40	38	3	2	455	496	1108	4
0348	4	30	A	40	38	3	3	516	575	1168	0	1168228	0
0348	4	30	A	40	38	3	4	870	941	1486	0	1526	2
0348	4	30	A	40	38	3	5	963	1111	1577	0	1642	2
0348	4	30	A	41	39	3	1	392	486	1023	0	1023231	0
0348	4	30	A	41	39	3	2	504	630	1155	0	1184	0	1235	0	1235011	0
0348	4	30	A	41	39	3	3	930	949	1542	0	1553	2
0348	4	30	A	41	39	3	4	970	1081	1582	0	1634148	0	1634	4
0348	4	30	A	42	40	3	1	398	498	1032	0	1040	0	1110	0	1146	4
0348	4	30	A	42	40	3	2	517	593	1188208	0	1188	0	1188228	0
0348	4	30	A	42	40	3	3	920	984	1533	0	1004	2
0348	4	30	A	42	40	3	4	1008	1050	1615	4
0348	4	30	A	42	40	3	5	1071	1138	1669	0	1700	2
0348	4	30	A	43	40	1	1	398	498	1033	0	1041	0	1109	0	1147	4
0348	4	30	A	43	40	1	2	517	593	1189208	0	1189	0	1189228	0
0348	4	30	A	43	40	1	3	920	988	1532	0	1559	2
0348	4	30	A	43	40	1	4	1008	1050	1616	4
0348	4	30	A	43	40	1	5	1071	1138	1667	0	1701	2
0348	4	30	A	44	41	3	1	395	547	1025	0	1053	0	1067	0	1112	0	1170	2
0348	4	30	A	44	41	3	2	587	697	1239	0	1261	0	1270	0	1298	2
0348	4	30	A	44	41	3	3	997	1036	1607	0	1623	4
0348	4	30	A	44	41	3	4	1073	1141	1671	0	1696	2
0348	4	30	A	45	42	3	1	385	534	1044127	0	1044	0	1044132	0	1101	0	1133	0	1133228	0
0348	4	30	A	45	42	3	2	600	710	1250	0	1307	2
0348	4	30	A	45	42	3	3	955	1053	1568	0	1594	0	1594205	0	1633	4
0348	4	30	A	46	43	3	1	423	519	1080230	0	1080	0	1127	0	1127231	0
0348	4	30	A	46	43	3	2	570	642	1222	0	1257	2
0348	4	30	A	46	43	3	3	922	1007	1551230	0	1551	0	1578	0	1578132	0
0348	4	30	A	46	43	3	4	1046	1135	1658133	0	1658	0	1682	0	1682231	0
0348	4	30	A	47	44	3	1	389	491	1042229	0	1042	4
0348	4	30	A	47	44	3	2	513	599	1167	0	1167231	0
0348	4	30	A	47	44	3	3	957	1034	1589229	0	1589	0	1589209	0
0348	4	30	A	47	44	3	4	1044	1140	1646	0	1685260	0	1685	0	1685251	0
0348	4	30	A	48	45	3	1	397	511	1051229	0	1051	0	1104	0	1104228	0
0348	4	30	A	48	45	3	2	560	676	1214061	0	1214	0	1281	2
0348	4	30	A	48	45	3	3	925	1075	1536	0	1655	4
0348	4	30	A	49	46	3	1	403	516	1036	0	1036231	0
0348	4	30	A	49	46	3	2	825	930	1445	0	1482	2
0348	4	30	A	49	46	3	3	982	1022	1593	4
0348	4	30	A	49	46	3	4	1048	1135	1650	0	1672	0	1672228	0
0348	4	30	A	50	47	3	1	422	568	1093152	0	1093	0	1161	0	1161228	0
0348	4	30	A	50	47	3	2	834	948	1473229	0	1473	0	1506	0	1506228	0
0348	4	30	A	50	47	3	3	958	998	1571	0	1571038	0	1591	2
0348	4	30	A	50	47	3	4	1020	1093	1626	0	1659	4
0348	4	30	A	51	48	3	1	415	554	1079152	0	1079	0	1144	0	1144151	0
0348	4	30	A	51	48	3	2	574	627	1227	0	1227137	0
0348	4	30	A	51	48	3	3	910	934	1527	2
0348	4	30	A	51	48	3	4	965	1120	1587133	0	1587	0	1614	0	1644	2
0348	4	30	A	52	49	3	1	441	531	1107230	0	1107	0	1141	0	1141132	0
0348	4	30	A	52	49	3	2	566	649	1219	0	1248	0	1248228	0
0348	4	30	A	52	49	3	3	899	1011	1513	0	1540	0	1545	0	1581	2
0348	4	30	A	52	49	3	4	1026	1082	1629	0	1657	4
0348	4	30	A	53	50	3	1	448	555	1100	0	1162	0	1162137	0
0348	4	30	A	53	50	3	2	601	742	1251	0	1314	2
0348	4	30	A	53	50	3	3	984	1118	1595	0	1595231	0
0348	4	30	A	54	51	3	1	473	621	1125	0	1205	2
0348	4	30	A	54	51	3	2	715	822	1344	0	1387	0	1422	2
0348	4	30	A	54	51	3	3	850	874	1468	2
0348	4	30	A	54	51	3	4	892	960	1522158	0	1522	0	1565	2
0348	4	30	A	55	52	3	1	483	535	1150031	0	1150	4
0348	4	30	A	55	52	3	2	577	652	1233	0	1262	2
0348	4	30	A	55	52	3	3	676	756	1321133	0	1321	2
0348	4	30	A	55	52	3	4	782	922	1404	0	1474	2
0348	4	30	A	56	53	3	1	438	541	1091061	0	1091	0	1152	2
0348	4	30	A	56	53	3	2	610	634	1258	2
0348	4	30	A	56	53	3	3	648	782	1291	0	1325	0	1325178	0	1363	2
0348	4	30	A	56	53	3	4	805	844	1426	2
0348	4	30	A	56	53	3	5	861	926	1479	0	1523	2
0348	4	30	A	57	54	3	1	438	561	1083	0	1134	0	1177	2
0348	4	30	A	57	54	3	2	625	696	1275	0	1302	2
0348	4	30	A	57	54	3	3	733	816	1357	0	1003	2
0348	4	30	A	57	54	3	4	852	950	1469	0	1512	0	1512137	0
0348	4	30	A	58	54	1	1	438	561	1085	0	1135	0	1176	2
0348	4	30	A	58	54	1	2	625	696	1276	0	1301	2
0348	4	30	A	58	54	1	3	733	820	1358	0	1399	2
0348	4	30	A	58	54	1	4	852	950	1470	0	1511	0	1511137	0
0348	4	30	A	59	55	3	1	439	528	1103182	0	1103	0	1151	4
0348	4	30	A	59	55	3	2	575	716	1229	0	1229030	0	1308	0	1338	2
0348	4	30	A	59	55	3	3	745	901	1366	0	1493	2
0348	4	30	A	60	56	3	1	422	471	1073025	0	1073	2
0348	4	30	A	60	56	3	2	511	614	1165	0	1201	0	1242	2
0348	4	30	A	60	56	3	3	879	989	1490	0	1528	0	1573	2
0348	4	30	A	60	56	3	4	1015	1124	1622	0	1662	0	1689	2
0348	4	30	A	61	57	3	1	445	521	1097	0	1128	0	1128242	0
0348	4	30	A	61	57	3	2	538	627	1191	0	1238	2
0348	4	30	A	61	57	3	3	885	981	1521229	0	1521	0	1557	2
0348	4	30	A	61	57	3	4	1025	1113	1628	0	1665	0	1665231	0
0348	4	30	A	62	58	3	1	454	584	1105	0	1139227	0	1139	0	1175	0	1175035	0	1211	2
0348	4	30	A	62	58	3	2	904	1051	1531230	0	1531	0	1562	0	1597	4
0348	4	30	A	62	58	3	3	1083	1159	1676	0	1716	2
0348	4	30	A	63	59	3	1	780	801	1403	2
0348	4	30	A	63	59	3	2	832	962	1451	2
0348	4	30	A	63	59	3	3	987	1100	1601	0	1609	0	1651	0	1684	4
0348	4	30	A	63	59	3	4	1140	1211	1717	0	1717132	0
0348	4	30	A	63	59	3	5	1246	1294	1765	0	1765209	0
0348	4	30	A	64	60	3	1	416	464	1048	0	1088	2
0348	4	30	A	64	60	3	2	481	596	1131	0	1163	0	1207	2
0348	4	30	A	64	60	3	3	935	1027	1547	0	1600	4
0348	4	30	A	64	60	3	4	1065	1157	1664	0	1693	0	1721	2
0348	4	30	A	65	61	3	1	431	541	1074	0	1092	0	1148	0	1186	2
0348	4	30	A	65	61	3	2	868	1009	1484	0	1494	0	1494030	0	1549	0	1583	2
0348	4	30	A	65	61	3	3	1033	1156	1640	0	1688	0	1688231	0
0348	4	30	A	66	62	3	1	419	547	1055	0	1090	0	1137	0	1180	2
0348	4	30	A	66	62	3	2	880	934	1508208	0	1508	2
0348	4	30	A	66	62	3	3	951	993	1567	2
0348	4	30	A	66	62	3	4	1027	1042	1630	4
0348	4	30	A	66	62	3	5	1070	1190	1683229	0	1683	0	1709	0	1709151	0
0348	4	30	A	67	63	3	1	455	562	1106	0	1172	2
0348	4	30	A	67	63	3	2	606	707	1268031	0	1268	0	1295	0	1318	2
0348	4	30	A	67	63	3	3	985	1111	1599	0	1599149	0	1661	2
0348	4	30	A	67	63	3	4	1125	1167	1704	0	1704228	0
0348	4	30	A	68	64	3	1	421	563	1059	0	1149	2
0348	4	30	A	68	64	3	2	877	1003	1504136	0	1504	2
0348	4	30	A	68	64	3	3	1019	1061	1625	4
0348	4	30	A	68	64	3	4	1095	1153	1686	0	1686228	0
0348	4	30	A	69	65	3	1	425	478	1086230	0	1086	0	1086135	0
0348	4	30	A	69	65	3	2	488	619	1142	0	1217	2
0348	4	30	A	69	65	3	3	945	1046	1558	0	1602	0	1641	4
0348	4	30	A	69	65	3	4	1085	1165	1678	0	1711	2
0348	4	30	A	70	66	3	1	418	439	1052	0	1071	2
0348	4	30	A	70	66	3	2	452	584	1102	0	1126	0	1174	0	1213	2
0348	4	30	A	70	66	3	3	900	987	1534229	0	1534	0	1579	2
0348	4	30	A	70	66	3	4	1056	1184	1656	0	1673	0	1710	0	1732	2
0348	4	30	A	71	67	3	1	396	457	1027	0	1049	2
0348	4	30	A	71	67	3	2	505	656	1156	0	1204	0	1253	0	1289	2
0348	4	30	A	71	67	3	3	973	1061	1603229	0	1603	0	1632	4
0348	4	30	A	71	67	3	4	1079	1145	1674	0	1705	2
0348	4	30	A	72	68	3	1	429	477	1095031	0	1095	2
0348	4	30	A	72	68	3	2	496	575	1157133	0	1157	2
0348	4	30	A	72	68	3	3	930	1001	1543	0	1580	2
0348	4	30	A	72	68	3	4	1023	1169	1627	0	1687	2
0348	4	30	A	73	69	3	1	865	996	1481	0	1556	0	1556132	0
0348	4	30	A	73	69	3	2	1011	1089	1620	0	1653	4
0348	4	30	A	73	69	3	3	1131	1229	1712	0	1739	2
0348	4	30	A	73	69	3	4	1252	1332	1766	0	1773	0	1778	2
0348	4	30	A	74	70	3	1	755	856	1379	0	1437	2
0348	4	30	A	74	70	3	2	868	992	1497230	0	1497	0	1552	2
0348	4	30	A	74	70	3	3	1019	1065	1631084	0	1631	4
0348	4	30	A	74	70	3	4	1105	1207	1692	0	1735	2
0348	4	30	A	75	71	3	1	765	795	1385	0
0348	4	30	A	75	71	3	2	805	931	1424	2
0348	4	30	A	75	71	3	3	950	1021	1564	0	1608	4
0348	4	30	A	75	71	3	4	1064	1196	1663	0	1691	0	1715	0	1738	2
0348	4	30	A	76	72	3	1	722	862	1349	0	1415	2
0348	4	30	A	76	72	3	2	899	964	1514	0	1538	2
0348	4	30	A	76	72	3	3	980	1039	1611094	0	1611	4
0348	4	30	A	76	72	3	4	1109	1223	1695	0	1733	0	1733231	0
0348	4	30	A	77	73	3	1	741	798	1364	0	1376	0	1376038	0	1401	2
0348	4	30	A	77	73	3	2	814	874	1436	0	1452	2
0348	4	30	A	77	73	3	3	891	932	1503	2
0348	4	30	A	77	73	3	4	955	994	1569	2
0348	4	30	A	77	73	3	5	1008	1034	1618	4
0348	4	30	A	77	73	3	6	1085	1221	1679	0	1727	2
0348	4	30	A	78	74	3	1	785	880	1406	0	1462	2
0348	4	30	A	78	74	3	2	942	1072	1554	0	1554132	0	1643158	0	1643	4
0348	4	30	A	78	74	3	3	1111	1237	1698	0	1726	0	1746	2
0348	4	30	A	79	75	3	1	776	911	1398	0	1410	0	1454	0	1005	0	1005156	0
0348	4	30	A	79	75	3	2	935	1018	1548	0	1584	0	1584178	0
0348	4	30	A	79	75	3	3	1045	1087	1647	4
0348	4	30	A	79	75	3	4	1126	1165	1708	2
0348	4	30	A	79	75	3	5	1177	1211	1737	2
0348	4	30	A	79	75	3	6	1230	1280	1758	0	1758228	0
0348	4	30	A	80	75	1	1	776	915	1396	0	1411	0	1453	0	1485	0	1485156	0
0348	4	30	A	80	75	1	2	935	1018	1550	0	1585	0	1585178	0
0348	4	30	A	80	75	1	3	1045	1087	1649	4
0348	4	30	A	80	75	1	4	1126	1165	1706	2
0348	4	30	A	80	75	1	5	1177	1211	1736	2
0348	4	30	A	80	75	1	6	1230	1280	1759	0	1759228	0
0348	4	30	A	81	76	3	1	763	824	1405034	0	1405	2
0348	4	30	A	81	76	3	2	846	921	1464	0	1500	2
0348	4	30	A	81	76	3	3	943	968	1555	2
0348	4	30	A	81	76	3	4	980	1102	1604230	0	1604	4
0348	4	30	A	81	76	3	5	1144	1179	1718	2
0348	4	30	A	81	76	3	6	1209	1259	1752	0	1752228	0
0348	4	30	A	82	77	3	1	810	849	1431	2
0348	4	30	A	82	77	3	2	877	939	1489	0	1489146	0
0348	4	30	A	82	77	3	3	949	1045	1563	0	1590	0	1619	0	1619132	0
0348	4	30	A	82	77	3	4	1071	1174	1668	0	1668090	0
0348	4	30	A	82	77	3	5	1209	1276	1751	0	1764	2
0348	4	30	A	83	78	3	1	839	976	1457	0	1480	0	1546094	0	1546	2
0348	4	30	A	83	78	3	2	1030	1085	1636	0	1636093	0
0348	4	30	A	83	78	3	3	1109	1156	1697	0	1697032	0
0348	4	30	A	83	78	3	4	1196	1311	1753230	0	1753	2
0348	4	30	A	84	79	3	1	858	888	1476	0
0348	4	30	A	84	79	3	2	900	1017	1516	0	1566	2
0348	4	30	A	84	79	3	3	1045	1178	1648	0	1648149	0	1699	0	1728	2
0348	4	30	A	84	79	3	4	1222	1308	1755	0	1771	2
0348	4	30	A	85	80	3	1	794	890	1438229	0	1438	0	1471	2
0348	4	30	A	85	80	3	2	926	1093	1539	0	1575	0	1610	0	1652	4
0348	4	30	A	85	80	3	3	1141	1253	1723133	0	1723	0	1749	0	1749231	0
0348	4	30	A	86	81	3	1	842	982	1461	0	1529	2
0348	4	30	A	86	81	3	2	1004	1062	1624208	0	1624	4
0348	4	30	A	86	81	3	3	1103	1168	1690	0	1720	2
0348	4	30	A	86	81	3	4	1190	1263	1741	0	1757	2
0348	4	30	A	87	82	3	1	835	943	1455	0	1501	0	1535	2
0348	4	30	A	87	82	3	2	960	1070	1574	0	1596	0	1639	4
0348	4	30	A	87	82	3	3	1148	1233	1719	0	1743	2
0348	4	30	A	87	82	3	4	1269	1321	1769	0	1769183	0
0348	4	30	A	88	83	3	1	801	844	1421	0	1435	0	1435132	0
0348	4	30	A	88	83	3	2	866	932	1483	0	1517	2
0348	4	30	A	88	83	3	3	956	1032	1570	0	1605	4
0348	4	30	A	88	83	3	4	1072	1179	1675133	0	1675	2
0348	4	30	A	88	83	3	5	1204	1294	1748	0	1748231	0
0348	4	30	A	89	84	3	1	742	826	1380230	0	1380	0	1409	0	1409132	0
0348	4	30	A	89	84	3	2	867	947	1488133	0	1488	0	1525	0	1525132	0
0348	4	30	A	89	84	3	3	981	1096	1592	0	1592132	0
0348	4	30	A	89	84	3	4	1132	1255	1713	0	1734	0	1750	0	1750209	0
0348	4	30	A	90	85	3	1	775	857	1393	0	1446	2
0348	4	30	A	90	85	3	2	882	965	1496	0	1496231	0
0348	4	30	A	90	85	3	3	975	1014	1586	2
0348	4	30	A	90	85	3	4	1072	1135	1670	0	1670146	0
0348	4	30	A	90	85	3	5	1150	1277	1722	0	1754	2
0348	4	30	A	91	86	3	1	840	946	1460	0	1519	2
0348	4	30	A	91	86	3	2	959	1025	1572	0	1598	4
0348	4	30	A	91	86	3	3	1059	1101	1660	4
0348	4	30	A	91	86	3	4	1150	1184	1724	2
0348	4	30	A	91	86	3	5	1202	1270	1747	0	1761	0	1761178	0
0348	4	30	A	91	86	3	6	1302	1346	1775	0	1775032	0
0348	4	30	A	92	87	3	1	878	998	1510039	0	1510	0	1541	0	1576	2
0348	4	30	A	92	87	3	2	1014	1069	1621	0	1645	4
0348	4	30	A	92	87	3	3	1118	1242	1714136	0	1714	0	1714091	0	1740	0	1740032	0
0348	4	30	A	92	87	3	4	1277	1348	1772	0	1772231	0
0348	4	30	A	93	88	3	1	911	1006	1537230	0	1537	0	1537221	0
0348	4	30	A	93	88	3	2	1031	1109	1638	0	1666	4
0348	4	30	A	93	88	3	3	1151	1217	1729133	0	1729	2
0348	4	30	A	93	88	3	4	1232	1358	1760	0	1770	0	1779	0	1779183	0
0348	4	30	A	94	89	3	1	884	949	1499	0	1530	2
0348	4	30	A	94	89	3	2	982	1076	1606230	0	1606	0	1635	0	1635231	0
0348	4	30	A	94	89	3	3	1126	1201	1707	0	1731	0	1731081	0
0348	4	30	A	94	89	3	4	1224	1360	1756	0	1756118	0	1777	0	1777209	0
0348	4	30	A	95	90	3	1	902	1047	1518	0	1588	4
0348	4	30	A	95	90	3	2	1106	1206	1694	0	1725	0	1744	2
0348	4	30	A	95	90	3	3	1256	1374	1767	0	1776260	0	1776	0	1776070	0
0348	4	30	A	96	91	3	1	885	982	1524229	0	1524	0	1560	2
0348	4	30	A	96	91	3	2	1012	1121	1637116	0	1637	0	1680	2
0348	4	30	A	96	91	3	3	1162	1221	1730	0	1742	2
0348	4	30	A	96	91	3	4	1238	1291	1763133	0	1763	0	1763124	0
0348	4	30	A	96	91	3	5	1302	1373	1774	0	1782	2
0348	4	30	A	97	92	3	1	881	946	1495	0	1520	2
0348	4	30	A	97	92	3	2	1001	1043	1612	0	1612242	0
0348	4	30	A	97	92	3	3	1053	1160	1654	0	1654188	0	1702	2
0348	4	30	A	97	92	3	4	1197	1247	1745	0	1745228	0
0348	4	30	A	97	92	3	5	1267	1374	1768	0	1780	2
0348	4	30	A	98	93	3	1	893	1060	1505	0	1544	0	1617	4
0348	4	30	A	98	93	3	2	1084	1159	1677	0	1703	2
0348	4	30	A	98	93	3	3	1236	1324	1762133	0	1762	2
0348	4	30	A	98	93	3	4	1336	1380	1781	0	1781032	0
0348	4	30	C	1	01	3	1	362	443	3007	0	3012	2
0348	4	30	C	1	01	3	2	471	577	3016	0	3017	0	3020	0	3024	2
0348	4	30	C	1	01	3	3	627	758	3028	0	3029	0	3033	0	3037	2
0348	4	30	C	1	01	3	4	770	800	3038	0
0348	4	30	C	2	02	3	1	376	503	3009229	0	3009	0	3015	4
0348	4	30	C	2	02	3	2	560	639	3022	0	3026	2
0348	4	30	C	2	02	3	3	661	802	3031	0	3035	2
0348	4	30	C	2	02	3	4	814	844	3042	0
0348	4	30	C	3	02	1	1	376	503	3011229	0	3011	0	3014	4
0348	4	30	C	3	02	1	2	560	639	3023	0	3027	2
0348	4	30	C	3	02	1	3	661	802	3032	0	3036	2
0348	4	30	C	3	02	1	4	814	844	3041	0
0348	4	30	C	4	03	3	1	366	425	3008	0	3010	2
0348	4	30	C	4	03	3	2	498	631	3019061	0	3019	0	3025148	0	3025	0	3025137	0
0348	4	30	C	4	03	3	3	660	760	3030	0	3034	2
0348	4	30	C	4	03	3	4	780	819	3039	2
0348	4	30	C	4	03	3	5	831	861	3043	0
0348	4	30	C	5	04	3	1	424	478	3013031	0	3013	2
0348	4	30	C	5	04	3	2	500	612	3018	0	3021	0	3021228	0
0348	4	30	C	5	04	3	3	955	1037	3045	0	3046	4
0348	4	30	C	5	04	3	4	1057	1181	3047	0	3048	0	3048124	0
0348	4	30	C	6	13	3	1	546	673	3001230	0	3001	0	3001132	0
0348	4	30	C	6	13	3	2	761	883	3003133	0	3003	0	3003132	0
0348	4	30	C	6	13	3	3	893	923	3044	0
0348	4	30	C	6	13	3	4	975	1079	3005133	0	3005	0	3005231	0
0348	4	30	C	7	14	3	1	651	778	3002230	0	3002	0	3002132	0
0348	4	30	C	7	14	3	2	788	818	3040	0
0348	4	30	C	7	14	3	3	866	994	3004133	0	3004	0	3004132	0
0348	4	30	C	7	14	3	4	1055	1155	3006133	0	3006	0	3006231	0
